ID,Name,Lat,Long
3411,Barter Island LRRS Airport,70.13400268550001,-143.582000732
3412,Wainwright Air Station,70.61340332,-159.8600006
3413,Cape Lisburne LRRS Airport,68.87509918,-166.1100006
3414,Point Lay LRRS Airport,69.73290253,-163.00500490000002
3415,Hilo International Airport,19.721399307250977,-155.04800415039062
3416,Orlando Executive Airport,28.5455,-81.332901
3417,Bettles Airport,66.91390228,-151.529007
3418,Clear Airport,64.301201,-149.119995
3419,Indian Mountain LRRS Airport,65.99279785,-153.7039948
3420,Fort Yukon Airport,66.57150268554689,-145.25
3421,Sparrevohn LRRS Airport,61.09740067,-155.5740051
3422,Bryant Army Heliport,61.26639938,-149.6529999
3423,Tatalina LRRS Airport,62.894401550299996,-155.977005005
3424,Cape Romanzof LRRS Airport,61.78030014,-166.03900149999998
3425,Laurence G Hanscom Field,42.47000122,-71.28900146
3426,St Paul Island Airport,57.16730117797852,-170.22000122070312
3427,Cape Newenham LRRS Airport,58.6464004517,-162.06300354
3428,St George Airport,56.5783004761,-169.662002563
3429,Iliamna Airport,59.75439835,-154.9109955
3430,Platinum Airport,59.01139831542969,-161.82000732421875
3431,Big Mountain Airport,59.361198425299996,-155.259002686
3432,Oscoda Wurtsmith Airport,44.451599,-83.39409599999999
3433,Marina Municipal Airport,36.68190002,-121.762001
3434,Sacramento Mather Airport,38.55390167,-121.29799650000001
3435,Bicycle Lake Army Air Field,35.2804985046,-116.629997253
3436,Twentynine Palms (Self) Airport,34.2961998,-116.16200259999998
3437,Fort Smith Regional Airport,35.33660125732422,-94.36740112304688
3438,Merrill Field,61.2135009765625,-149.843994140625
3439,Grants-Milan Municipal Airport,35.167301178,-107.902000427
3440,Ponca City Regional Airport,36.73199844,-97.09980011
3441,Hunter Army Air Field,32.00999832,-81.14569855
3442,Grand Forks International Airport,47.949298999999996,-97.176102
3443,"Pine Bluff Regional Airport, Grider Field",34.1731,-91.9356
3444,Whiting Field Naval Air Station - North,30.724199300000002,-87.02189636
3445,Hana Airport,20.79560089111328,-156.01400756835938
3446,Ernest A. Love Field,34.65449905,-112.41999820000001
3447,Trenton Mercer Airport,40.27669906616211,-74.8134994506836
3448,General Edward Lawrence Logan International Airport,42.36429977,-71.00520325
3449,Travis Air Force Base,38.262699127196996,-121.92700195312
3450,Griffiss International Airport,43.23379898,-75.40699768
3451,Wendover Airport,40.7187004089,-114.03099823
3452,Mobile Downtown Airport,30.626800537100006,-88.06809997559998
3453,Metropolitan Oakland International Airport,37.721298,-122.221001
3454,Eppley Airfield,41.3032,-95.89409599999999
3455,Port Angeles Cgas Airport,48.14149856567383,-123.41400146484376
3456,Kahului Airport,20.8986,-156.429993
3457,Wichita Eisenhower National Airport,37.649899,-97.433098
3458,Kansas City International Airport,39.2976,-94.713898
3459,Dane County Regional Truax Field,43.13990020751953,-89.3375015258789
3460,Dillingham Airport,59.04470062,-158.50500490000002
3461,Boone County Airport,36.26150131225586,-93.15470123291016
3462,Phoenix Sky Harbor International Airport,33.43429946899414,-112.01200103759766
3463,Bangor International Airport,44.80739974975586,-68.82810211181639
3464,Fort Lauderdale Executive Airport,26.1972999573,-80.1707000732
3465,East Texas Regional Airport,32.38399887084961,-94.71150207519531
3466,Anderson Regional Airport,34.4945983887,-82.70939636230001
3467,Spokane International Airport,47.61989974975586,-117.53399658203124
3468,North Perry Airport,26.0012,-80.2407
3469,San Francisco International Airport,37.61899948120117,-122.375
3470,Cut Bank International Airport,48.6083984375,-112.375999451
3471,Acadiana Regional Airport,30.0378,-91.883904
3472,Gainesville Regional Airport,29.6900997162,-82.27179718020001
3473,Memphis International Airport,35.04240036010742,-89.97669982910156
3474,Bisbee Douglas International Airport,31.4689998627,-109.60399627700001
3475,Allen Army Airfield,63.994499206499995,-145.722000122
3476,TSTC Waco Airport,31.6378002167,-97.07409667969999
3477,Annette Island Airport,55.04240036010742,-131.57200622558594
3478,Caribou Municipal Airport,46.8714981079,-68.0178985596
3479,Little Rock Air Force Base,34.916900634799994,-92.14969635010002
3480,Redstone Army Air Field,34.67869949,-86.68479919
3481,Pope Field,35.1708984375,-79.014503479004
3482,Dalhart Municipal Airport,36.0225982666,-102.54699707
3483,DLF Airport,29.359501,-100.778002
3484,Los Angeles International Airport,33.94250107,-118.40799709999999
3485,Anniston Regional Airport,33.5882,-85.8581
3486,Cleveland Hopkins International Airport,41.411701202399996,-81.8498001099
3487,Dover Air Force Base,39.12950134,-75.46600342
3488,Cincinnati Northern Kentucky International Airport,39.0488014221,-84.6678009033
3489,Tipton Airport,39.08539962769999,-76.7593994141
3490,China Lake Naws (Armitage Field) Airport,35.6853981,-117.6920013
3491,Huron Regional Airport,44.38520050048828,-98.22850036621094
3492,Juneau International Airport,58.35499954223633,-134.57600402832028
3493,Lafayette Regional Airport,30.20529938,-91.98760223
3494,Newark Liberty International Airport,40.69250106811523,-74.168701171875
3495,Boise Air Terminal/Gowen Field,43.5644,-116.223
3496,Creech Air Force Base,36.5872001648,-115.672996521
3497,Garden City Regional Airport,37.9275016785,-100.72399902299999
3498,Minot International Airport,48.2593994140625,-101.27999877929688
3499,Wheeler Army Airfield,21.48349953,-158.03999330000002
3500,Maxwell Air Force Base,32.3829,-86.365799
3501,Robinson Army Air Field,34.85010147,-92.30020142
3502,Dallas Love Field,32.847099,-96.851799
3503,Butts AAF (Fort Carson) Air Field,38.67839813,-104.75700379999999
3504,Helena Regional Airport,46.6068000793457,-111.98300170898438
3505,Miramar Marine Corps Air Station - Mitscher Field,32.86840057,-117.1429977
3506,Luke Air Force Base,33.534999847399995,-112.383003235
3507,Hurlburt Field,30.42779922485352,-86.68930053710938
3508,Jack Northrop Field Hawthorne Municipal Airport,33.922798,-118.334999
3509,Houlton International Airport,46.123100280799996,-67.79209899899999
3510,Vance Air Force Base,36.339199066199996,-97.9164962769
3511,Point Mugu Naval Air Station (Naval Base Ventura Co),34.120300293,-119.12100219700001
3512,Edwards Air Force Base,34.905398999999996,-117.884003
3513,Lake Charles Regional Airport,30.12610054016113,-93.22329711914062
3514,Ellison Onizuka Kona International At Keahole Airport,19.738782999999998,-156.045603
3515,Myrtle Beach International Airport,33.6796989441,-78.9282989502
3516,Lemoore Naval Air Station (Reeves Field) Airport,36.33300018,-119.95200349999999
3517,Nantucket Memorial Airport,41.25310135,-70.06020355
3518,Felker Army Air Field,37.1324996948,-76.60880279540002
3519,Campbell AAF (Fort Campbell) Air Field,36.668598175,-87.49620056150002
3520,Ronald Reagan Washington National Airport,38.8521,-77.037697
3521,Patuxent River Naval Air Station (Trapnell Field),38.285999,-76.41179699999999
3522,Palacios Municipal Airport,28.727500915527,-96.25099945068399
3523,Arkansas International Airport,35.9642982483,-89.94400024410002
3524,Atlantic City International Airport,39.45759963989258,-74.57720184326172
3525,Tinker Air Force Base,35.414699554443004,-97.386596679688
3526,Elizabeth City Regional Airport & Coast Guard Air Station,36.26060104,-76.17459869
3527,Pueblo Memorial Airport,38.289100646972656,-104.49700164794922
3528,Northern Maine Regional Airport at Presque Isle,46.68899918,-68.0447998
3530,Gray Army Air Field,47.07920074,-122.5810013
3531,Kodiak Airport,57.75,-152.4940033
3532,Upolu Airport,20.265300750732425,-155.86000061035156
3533,Fort Lauderdale Hollywood International Airport,26.072599,-80.152702
3534,Muskogee-Davis Regional Airport,35.656502,-95.366699
3535,Falls International Airport,48.566200256347656,-93.4030990600586
3536,Salt Lake City International Airport,40.78839874267578,-111.97799682617188
3537,Childress Municipal Airport,34.4337997437,-100.288002014
3538,Keesler Air Force Base,30.4104003906,-88.92440032959999
3539,Lawson Army Air Field (Fort Benning),32.337299346900004,-84.9913024902
3540,Kingsville Naval Air Station,27.5072002411,-97.8097000122
3541,Marshall Army Air Field,39.05530167,-96.76450348
3542,Harrisburg International Airport,40.1935005188,-76.7633972168
3543,Lincoln Airport,40.85100173950195,-96.75920104980469
3544,Capital City Airport,42.77870178222656,-84.58740234375
3545,Waimea Kohala Airport,20.001300811767575,-155.66799926757812
3546,Massena International Richards Field,44.93579864501953,-74.84559631347656
3547,Hickory Regional Airport,35.74110031,-81.38950348
3548,Albert Whitted Airport,27.7651,-82.626999
3549,Page Field,26.58659935,-81.86329650879998
3550,George Bush Intercontinental Houston Airport,29.98439979553223,-95.34140014648438
3551,Millinocket Municipal Airport,45.64780044555664,-68.68560028076172
3552,Joint Base Andrews,38.810798999999996,-76.866997
3553,Smith Reynolds Airport,36.13370132446289,-80.22200012207031
3554,Southern California Logistics Airport,34.597499847399995,-117.383003235
3555,Bob Sikes Airport,30.778799056999997,-86.522102356
3556,Wheeler Sack Army Air Field,44.05559921,-75.71949768
3557,St Clair County International Airport,42.91099929999999,-82.52890015
3558,Meadows Field,35.43360138,-119.0569992
3559,El Paso International Airport,31.80719948,-106.37799840000002
3560,Valley International Airport,26.228500366210934,-97.65440368652344
3561,Columbia Metropolitan Airport,33.93880081176758,-81.11949920654297
3562,Davis Monthan Air Force Base,32.1665000916,-110.883003235
3563,Pensacola Naval Air Station/Forrest Sherman Field,30.35269928,-87.31860352
3564,Pensacola Regional Airport,30.473400115967003,-87.18659973144501
3565,Grand Forks Air Force Base,47.961101532,-97.4011993408
3566,William P Hobby Airport,29.64539909,-95.27890015
3567,Buckley Air Force Base,39.701698303200004,-104.75199890100001
3568,Northway Airport,62.96129989999999,-141.9290009
3569,"Warren ""Bud"" Woods Palmer Municipal Airport",61.594898,-149.08901
3570,Pittsburgh International Airport,40.49150085,-80.23290253
3571,Wiley Post Will Rogers Memorial Airport,71.285402,-156.766008
3572,Ellington Airport,29.6072998047,-95.15879821780001
3573,Whidbey Island Naval Air Station (Ault Field),48.351799,-122.655998
3574,Alice International Airport,27.740900039699998,-98.02690124510002
3575,Moody Air Force Base,30.967800140399998,-83.1930007935
3576,Miami International Airport,25.79319953918457,-80.29060363769531
3577,Seattle Tacoma International Airport,47.449001,-122.308998
3578,Lovell Field,35.03530120849609,-85.20379638671875
3579,Igor I Sikorsky Memorial Airport,41.16350173950195,-73.1261978149414
3580,Jackson-Medgar Wiley Evers International Airport,32.3111991882,-90.0758972168
3581,Scholes International At Galveston Airport,29.265300750732425,-94.8603973388672
3582,Long Beach /Daugherty Field/ Airport,33.81769943,-118.15200039999999
3583,Dillingham Airfield,21.5795001984,-158.197006226
3584,Williamsport Regional Airport,41.241798400878906,-76.92109680175781
3585,Indianapolis International Airport,39.7173,-86.294403
3586,Whiteman Air Force Base,38.73030090332,-93.547897338867
3587,Akron Fulton International Airport,41.0374984741,-81.46690368649999
3588,Greenwood–Leflore Airport,33.4943008423,-90.08470153809999
3589,Westchester County Airport,41.06700134277344,-73.70760345458984
3590,Francis S Gabreski Airport,40.8437004089,-72.6317977905
3591,Jonesboro Municipal Airport,35.83169937133789,-90.64640045166016
3592,Tonopah Test Range Airport,37.7988014221,-116.78099823
3593,Palm Beach County Park Airport,26.59300041,-80.08509827
3594,North Island Naval Air Station-Halsey Field,32.69919968,-117.2149963
3595,Biggs Army Air Field (Fort Bliss),31.84950066,-106.3799973
3596,Yuma MCAS/Yuma International Airport,32.65660095,-114.6060028
3597,Cavern City Air Terminal,32.337501525878906,-104.26300048828124
3598,Duluth International Airport,46.8420982361,-92.19360351559999
3599,Bethel Airport,60.77980042,-161.8379974
3600,Bowman Field,38.2280006409,-85.6636962891
3601,Sierra Vista Municipal Libby Army Air Field,31.58849906921387,-110.34400177001952
3602,Lihue Airport,21.97599983215332,-159.33900451660156
3603,"Terre Haute Regional Airport, Hulman Field",39.4515,-87.307602
3604,Havre City County Airport,48.54299927,-109.762001
3605,Grant County International Airport,47.20769882,-119.3199997
3606,Edward F Knapp State Airport,44.20349884,-72.56230164
3607,San Nicolas Island Nolf Airport,33.23979949951172,-119.45800018310548
3608,Richmond International Airport,37.50519943237305,-77.3197021484375
3609,Shreveport Regional Airport,32.446602,-93.8256
3610,Merle K (Mudhole) Smith Airport,60.49179839999999,-145.4779968
3611,Norfolk International Airport,36.89459991455078,-76.20120239257812
3612,Southeast Texas Regional Airport,29.9507999420166,-94.02069854736328
3613,Savannah Hilton Head International Airport,32.12760162,-81.20210266
3614,Hill Air Force Base,41.12403,-111.97308600000001
3615,Nome Airport,64.51219940185547,-165.44500732421875
3616,Scappoose Industrial Airpark,45.77099990844727,-122.86199951171876
3617,St Petersburg Clearwater International Airport,27.91020012,-82.68740082
3618,Menominee Regional Airport,45.126701000000004,-87.638397
3619,Conroe-North Houston Regional Airport,30.351801000000002,-95.414497
3620,Deadhorse Airport,70.19470215,-148.46499630000002
3621,San Antonio International Airport,29.533700942993164,-98.46980285644531
3622,Greater Rochester International Airport,43.118900299072266,-77.67240142822266
3623,Patrick Air Force Base,28.2348995209,-80.6100997925
3624,Teterboro Airport,40.85010147089999,-74.060798645
3625,Ellsworth Air Force Base,44.14500046,-103.1039963
3626,Raleigh Durham International Airport,35.877601623535156,-78.7874984741211
3627,James M Cox Dayton International Airport,39.90240097045898,-84.21939849853516
3628,Kenai Municipal Airport,60.57310104370117,-151.2449951171875
3629,Mc Alester Regional Airport,34.882401,-95.783501
3630,Niagara Falls International Airport,43.1072998046875,-78.94619750976562
3631,Coulter Field,30.715700149499998,-96.3313980103
3632,Wright AAF (Fort Stewart)/Midcoast Regional Airport,31.889098999999998,-81.562303
3633,Newport News Williamsburg International Airport,37.13190079,-76.49299622
3634,Esler Regional Airport,31.3948993683,-92.29579925540001
3635,Altus Air Force Base,34.667098999000004,-99.26670074459999
3636,Tucson International Airport,32.116100311279304,-110.94100189208984
3637,Minot Air Force Base,48.4156,-101.358002
3638,Beale Air Force Base,39.136100769,-121.43699646
3639,Greater Kankakee Airport,41.07139968869999,-87.84629821780001
3640,Seymour Johnson Air Force Base,35.33940125,-77.96060181
3641,Theodore Francis Green State Airport,41.732601,-71.42040300000001
3642,Salisbury Ocean City Wicomico Regional Airport,38.34049987792969,-75.51029968261719
3643,Rancho Murieta Airport,38.48680114746094,-121.10299682617188
3644,Bob Hope Airport,34.200698852539055,-118.35900115966795
3645,Detroit Metropolitan Wayne County Airport,42.212398529052734,-83.35340118408203
3646,Tampa International Airport,27.975500106811523,-82.533203125
3647,Pembina Municipal Airport,48.94250106810001,-97.2407989502
3648,Polk Army Air Field,31.044799800000003,-93.1917038
3649,Eielson Air Force Base,64.66570282,-147.102005
3650,Range Regional Airport,47.38660049,-92.83899689
3651,Angelina County Airport,31.2339992523,-94.75
3652,Midland International Airport,31.9424991607666,-102.2020034790039
3653,Austin Straubel International Airport,44.48509979248047,-88.12960052490234
3654,Ardmore Municipal Airport,34.30301,-97.01963420000001
3655,Mc Guire Air Force Base,40.01559829999999,-74.59169769
3656,Cherry Point MCAS /Cunningham Field/,34.90090179,-76.88069916
3657,Emanuel County Airport,32.609100341796875,-82.36990356445312
3658,Augusta Regional At Bush Field,33.36989974975586,-81.9645004272461
3659,Sloulin Field International Airport,48.177898407,-103.64199829100001
3660,Bill & Hillary Clinton National Airport/Adams Field,34.729400634799994,-92.22429656979999
3661,Stewart International Airport,41.50410079956055,-74.10479736328125
3662,Baudette International Airport,48.7284011841,-94.61219787600001
3663,Sacramento Executive Airport,38.5125007629,-121.49299621600001
3664,Homer Airport,59.64559936523438,-151.4770050048828
3665,Waynesville-St. Robert Regional Forney field,37.74160004,-92.14070129
3666,Dobbins Air Reserve Base,33.91540146,-84.51629639
3667,Fairchild Air Force Base,47.6151008606,-117.65599823
3668,Roscommon County - Blodgett Memorial Airport,44.359798,-84.671095
3669,Tyndall Air Force Base,30.0695991516,-85.57540130619998
3670,Dallas Fort Worth International Airport,32.896801,-97.038002
3671,Melbourne International Airport,28.10280036926269,-80.64530181884766
3672,McChord Air Force Base,47.1376991272,-122.475997925
3673,Austin Bergstrom International Airport,30.194499969482425,-97.6698989868164
3674,Rickenbacker International Airport,39.813801,-82.927803
3675,Sawyer International Airport,46.3535995483,-87.39540100100001
3676,McGhee Tyson Airport,35.81100082,-83.99400329999999
3677,Hood Army Air Field,31.1387004852,-97.7145004272
3678,St Louis Lambert International Airport,38.748697,-90.370003
3679,Millville Municipal Airport,39.367802000000005,-75.072197
3680,Sheppard Air Force Base-Wichita Falls Municipal Airport,33.9888,-98.49189799999999
3681,Cincinnati Municipal Airport Lunken Field,39.10329819,-84.41860199
3682,Hartsfield Jackson Atlanta International Airport,33.6367,-84.428101
3683,Castle Airport,37.38050079,-120.5680008
3684,Mc Clellan Airfield,38.66759872,-121.40100100000001
3685,Gerald R. Ford International Airport,42.88079834,-85.52279663
3686,Winkler County Airport,31.779600143400003,-103.20099639899999
3687,Fresno Yosemite International Airport,36.77619934082031,-119.71800231933594
3688,Vero Beach Regional Airport,27.6556,-80.417901
3689,Imperial County Airport,32.834201812699995,-115.57900238
3690,Nashville International Airport,36.1245002746582,-86.6781997680664
3691,Laredo International Airport,27.543800354003906,-99.46160125732422
3692,Elmendorf Air Force Base,61.2509994506836,-149.8070068359375
3693,Ralph Wien Memorial Airport,66.88469696,-162.598999
3694,Altoona Blair County Airport,40.29639816,-78.31999969
3695,Dyess Air Force Base,32.4207992554,-99.85459899899999
3696,South Arkansas Regional At Goodwin Field,33.22100067138672,-92.81330108642578
3697,La Guardia Airport,40.77719879,-73.87259674
3698,Tallahassee Regional Airport,30.396499633789066,-84.35030364990234
3699,Dupage Airport,41.90779877,-88.24859619
3700,Waco Regional Airport,31.61129951477051,-97.23049926757812
3701,Augusta State Airport,44.320598602299995,-69.7973022461
3702,Hillsboro Municipal Airport,32.08349991,-97.09719849
3703,Jacksonville Naval Air Station (Towers Field),30.2358,-81.680603
3704,McKellar-Sipes Regional Airport,35.599899,-88.915604
3705,Molokai Airport,21.15290069580078,-157.0959930419922
3706,Godman Army Air Field,37.9071006775,-85.9720993042
3707,New River MCAS /H/ /Mccutcheon Fld/ Airport,34.70840073,-77.43969727
3708,San Angelo Regional Mathis Field,31.35770034790039,-100.49600219726562
3709,Calexico International Airport,32.6694984436,-115.51300048799999
3710,Chico Municipal Airport,39.79539871,-121.8580017
3711,Burlington International Airport,44.471900939899996,-73.15329742429998
3712,Jacksonville International Airport,30.49410057067871,-81.68789672851562
3713,Durango La Plata County Airport,37.1515007019,-107.75399780299999
3714,Washington Dulles International Airport,38.94449997,-77.45580292
3715,Easterwood Field,30.58860016,-96.36380005
3716,Felts Field,47.682800292969,-117.32299804688
3717,General Mitchell International Airport,42.94720077514648,-87.89659881591797
3718,Abilene Regional Airport,32.4113006592,-99.68190002440001
3719,Columbia Regional Airport,38.81809997558594,-92.21959686279295
3720,Portland International Airport,45.58869934,-122.59799960000001
3721,Dade Collier Training and Transition Airport,25.861799240112,-80.897003173828
3722,Palm Beach International Airport,26.68320083618164,-80.09559631347656
3723,Fort Worth Meacham International Airport,32.819801,-97.36239599999999
3724,Ogdensburg International Airport,44.681900024399994,-75.46549987790002
3725,Cape Cod Coast Guard Air Station,41.6584014893,-70.5214004517
3726,Boeing Field King County International Airport,47.52999877929688,-122.302001953125
3727,Lackland Air Force Base,29.38419914,-98.58110046
3728,Daniel K Inouye International Airport,21.32062,-157.924228
3729,Des Moines International Airport,41.53400039672852,-93.66310119628906
3730,Coastal Carolina Regional Airport,35.0730018616,-77.04290008539998
3731,San Diego International Airport,32.7336006165,-117.190002441
3732,Monroe Regional Airport,32.51089859008789,-92.0376968383789
3733,Shaw Air Force Base,33.97269821,-80.47059631
3734,Ontario International Airport,34.05599975585937,-117.60099792480469
3735,Majors Airport,33.0677986145,-96.0652999878
3736,Roswell International Air Center Airport,33.30160140991211,-104.53099822998048
3737,Coleman A. Young Municipal Airport,42.40919876,-83.00990295
3738,Brownsville South Padre Island International Airport,25.90679931640625,-97.4259033203125
3739,Dothan Regional Airport,31.3213005065918,-85.44960021972656
3740,Cape May County Airport,39.008499145500004,-74.9083023071
3741,Fallon Naval Air Station,39.41659927,-118.70099640000001
3742,Selfridge Air National Guard Base Airport,42.613463,-82.836919
3743,Four Corners Regional Airport,36.7411994934,-108.230003357
3744,Corpus Christi International Airport,27.77039909362793,-97.5011978149414
3745,Syracuse Hancock International Airport,43.11119842529297,-76.1063003540039
3746,Naval Air Station Key West/Boca Chica Field,24.57579994,-81.68890381
3747,Chicago Midway International Airport,41.785999,-87.752403
3748,Norman Y. Mineta San Jose International Airport,37.362598,-121.929001
3749,Lea County Regional Airport,32.6875,-103.21700290000001
3750,Northeast Philadelphia Airport,40.081902,-75.010597
3751,Denver International Airport,39.861698150635,-104.672996521
3752,Philadelphia International Airport,39.87189865112305,-75.24109649658203
3753,Sioux Gateway Col. Bud Day Field,42.40259933,-96.38439941
3754,Middle Georgia Regional Airport,32.692798614501946,-83.64920043945312
3755,Truth Or Consequences Municipal Airport,33.2369003296,-107.27200317399999
3756,Palmdale Regional/USAF Plant 42 Airport,34.62939835,-118.08499909999999
3757,Randolph Air Force Base,29.52969933,-98.27890015
3758,El Centro NAF Airport (Vraciu Field),32.829201,-115.671996
3759,John Glenn Columbus International Airport,39.998001,-82.891899
3760,Drake Field,36.00510025024414,-94.17009735107422
3761,Henry Post Army Air Field (Fort Sill),34.64979935,-98.40219879
3762,Princeton Municipal Airport,45.55989838,-93.60820007
3763,Wright-Patterson Air Force Base,39.8260993958,-84.04830169680001
3764,Edward G. Pitka Sr Airport,64.73619843,-156.93699650000002
3765,Chandler Municipal Airport,33.2691,-111.810997
3766,Mineral Wells Airport,32.7816009521,-98.0602035522
3767,Mc Connell Air Force Base,37.62189865,-97.26820374
3768,New Orleans NAS JRB/Alvin Callender Field,29.82530022,-90.03500366
3769,Beaufort County Airport,32.4122009277,-80.6343994141
3770,Texarkana Regional Webb Field,33.45370101928711,-93.99099731445312
3771,Plattsburgh International Airport,44.6509017944336,-73.46810150146484
3772,Phillips Army Air Field,39.466202,-76.1688
3773,Tucumcari Municipal Airport,35.182800293,-103.60299682600001
3774,Ted Stevens Anchorage International Airport,61.174400329589844,-149.99600219726562
3775,Robert Gray  Army Air Field Airport,31.067199706999997,-97.8289031982
3776,Black Rock Airport,35.08319854736328,-108.79199981689452
3777,Bellingham International Airport,48.79280090332031,-122.53800201416016
3778,Millington-Memphis Airport,35.356701,-89.8703
3779,Elkins-Randolph Co-Jennings Randolph Field,38.88940048,-79.85710144
3780,Hartford Brainard Airport,41.736698150635,-72.64939880371101
3781,North Central State Airport,41.9207992554,-71.49140167239999
3782,Mobile Regional Airport,30.691200256348,-88.242797851562
3783,Moffett Federal Airfield,37.4161,-122.04900400000001
3784,Santa Fe Municipal Airport,35.617099761999995,-106.08899688700001
3785,Barking Sands Airport,22.022800445599998,-159.785003662
3786,Beauregard Regional Airport,30.8316993713,-93.3398971558
3787,Bradshaw Army Airfield,19.760099411,-155.554000854
3788,Nogales International Airport,31.4177,-110.848
3789,Mac Dill Air Force Base,27.84930038,-82.52120209
3790,Scott AFB/Midamerica Airport,38.5452,-89.835197
3791,Opa-locka Executive Airport,25.906999999999996,-80.278397
3792,Del Rio International Airport,29.3742008209,-100.92700195299999
3793,Southwest Florida International Airport,26.53619956970215,-81.75520324707031
3794,King Salmon Airport,58.67679977,-156.6490021
3795,Muir Army Air Field (Fort Indiantown Gap) Airport,40.434799,-76.569397
3796,Kapalua Airport,20.962900161743164,-156.67300415039062
3797,John F Kennedy International Airport,40.63980103,-73.77890015
3798,Homestead ARB Airport,25.48859978,-80.38359833
3799,Riverside Municipal Airport,33.95190048,-117.4449997
3800,Sherman Army Air Field,39.3683013916,-94.9147033691
3801,Wallops Flight Facility Airport,37.9402008057,-75.46640014649999
3802,Holloman Air Force Base,32.8525009155,-106.107002258
3803,Willow Grove Naval Air Station/Joint Reserve Base,40.19979858,-75.14820099
3804,Cheyenne Regional Jerry Olson Field,41.15570068,-104.81199649999999
3805,Stockton Metropolitan Airport,37.894199371338,-121.2379989624
3806,Charleston Air Force Base-International Airport,32.89860153,-80.04049683
3807,Reno Tahoe International Airport,39.49909973144531,-119.76799774169922
3808,Ketchikan International Airport,55.35559845,-131.7140045
3809,Willow Run Airport,42.23789978,-83.53040314
3810,Vandenberg Air Force Base,34.7373008728,-120.583999634
3811,Birmingham-Shuttlesworth International Airport,33.56290054,-86.75350189
3812,Lakehurst Maxfield Field Airport,40.03329849,-74.353302
3813,Eareckson Air Station,52.71229935,174.1139984
3814,Nellis Air Force Base,36.2361984253,-115.03399658200001
3815,March ARB Airport,33.880699,-117.259003
3816,Modesto City Co-Harry Sham Field,37.62580109,-120.9540024
3817,Sacramento International Airport,38.69540023803711,-121.59100341796876
3818,Waukegan National Airport,42.422199249268,-87.86789703369101
3819,City of Colorado Springs Municipal Airport,38.805801,-104.70099599999999
3820,Buffalo Niagara International Airport,42.94049835,-78.73220062
3821,Griffing Sandusky Airport,41.4333992004,-82.6522979736
3822,Snohomish County (Paine Field) Airport,47.90629959,-122.28199769999999
3823,Mountain Home Air Force Base,43.043597999999996,-115.872002
3824,Cedar City Regional Airport,37.70100021362305,-113.0989990234375
3825,Bradley International Airport,41.9388999939,-72.68319702149999
3826,Mc Allen Miller International Airport,26.17580032,-98.23860168
3827,Norfolk Naval Station (Chambers Field),36.937599,-76.289299
3828,Westover ARB/Metropolitan Airport,42.19400024,-72.53479767
3829,Lubbock Preston Smith International Airport,33.663601,-101.822998
3830,Chicago O'Hare International Airport,41.9786,-87.9048
3831,Boca Raton Airport,26.3784999847,-80.1076965332
3832,Fairbanks International Airport,64.81510162,-147.85600280000003
3833,Quantico MCAF /Turner field,38.50170135,-77.30529785
3834,Cannon Air Force Base,34.3828010559,-103.321998596
3835,Kaneohe Bay MCAS (Marion E. Carl Field) Airport,21.450500488299998,-157.76800537100002
3836,Offutt Air Force Base,41.118301391602,-95.912498474121
3837,Gulkana Airport,62.15489960000001,-145.4570007
3838,Watertown International Airport,43.99190139770508,-76.02169799804688
3839,Palm Springs International Airport,33.829700469970696,-116.50700378417969
3840,Rick Husband Amarillo International Airport,35.219398,-101.706001
3841,Fort Dodge Regional Airport,42.55149841,-94.19259644
3842,Barksdale Air Force Base,32.5018005371,-93.6626968384
3843,Topeka Regional Airport - Forbes Field,38.9509010315,-95.6635971069
3844,Cotulla-La Salle County Airport,28.45669937,-99.22029877
3845,Wilmington International Airport,34.27059936523437,-77.90260314941406
3846,Baton Rouge Metropolitan Airport,30.533199,-91.149597
3847,Meridian Naval Air Station,32.55210114,-88.55560303
3848,Tyler Pounds Regional Airport,32.35409927368164,-95.40239715576172
3849,Baltimore/Washington International Thurgood Marshall Airport,39.1754,-76.668297
3850,Hobart Regional Airport,34.991316999999995,-99.05131300000001
3851,Lanai Airport,20.785600662231445,-156.9510040283203
3852,Alexandria International Airport,31.32740020751953,-92.54979705810548
3853,Condron Army Air Field,32.34149933,-106.40299990000001
3854,Cold Bay Airport,55.20610046386719,-162.72500610351562
3855,Tulsa International Airport,36.19839859008789,-95.88809967041016
3856,Sitka Rocky Gutierrez Airport,57.04710006713867,-135.36199951171878
3857,Long Island Mac Arthur Airport,40.79520035,-73.10019684
3858,Minneapolis-St Paul International/Wold-Chamberlain Airport,44.882,-93.221802
3859,New Castle Airport,39.67869949,-75.60649872
3860,Unalaska Airport,53.900100708000004,-166.54400634799998
3861,Louis Armstrong New Orleans International Airport,29.99340057373047,-90.25800323486328
3862,Portland International Jetport Airport,43.64619827,-70.30930328
3863,Will Rogers World Airport,35.39310073852539,-97.60070037841795
3864,Albany International Airport,42.74829864501953,-73.80169677734375
3865,Valdez Pioneer Field,61.13389969,-146.24800109999998
3866,Langley Air Force Base,37.082901000999996,-76.360496521
3867,John Wayne Airport-Orange County Airport,33.67570114,-117.86799620000001
3868,Columbus Air Force Base,33.643798828099996,-88.44380187990002
3869,Kendall-Tamiami Executive Airport,25.6478996277,-80.432800293
3870,Oceana Naval Air Station,36.820702000000004,-76.033501
3871,Grissom Air Reserve Base,40.648101806599996,-86.15209960940001
3872,Casper-Natrona County International Airport,42.908001,-106.46399699999999
3873,Destin-Ft Walton Beach Airport,30.4832,-86.525398
3874,Craig Field,32.343898773193004,-86.98780059814501
3875,Key West International Airport,24.556100845336914,-81.75959777832031
3876,Charlotte Douglas International Airport,35.2140007019043,-80.94309997558594
3877,McCarran International Airport,36.08010101,-115.15200039999999
3878,Orlando International Airport,28.429399490356445,-81.30899810791016
3879,Florence Regional Airport,34.18539810180664,-79.7238998413086
3880,Great Falls International Airport,47.48199844,-111.3710022
3881,Youngstown Warren Regional Airport,41.26070023,-80.67910004
3882,Ladd AAF Airfield,64.83750153,-147.6139984
3883,Mc Minnville Municipal Airport,45.19440079,-123.13600159999999
3884,Robins Air Force Base,32.640098571799996,-83.59190368649999
3944,Pullman Moscow Regional Airport,46.7439,-117.110001
3945,Lewiston Nez Perce County Airport,46.3745002746582,-117.01499938964844
3946,Elmira Corning Regional Airport,42.1599006652832,-76.8916015625
3947,Ithaca Tompkins Regional Airport,42.49100112915039,-76.4583969116211
3948,Monterey Peninsula Airport,36.58700180053711,-121.84300231933594
3949,Santa Barbara Municipal Airport,34.42620087,-119.8399963
3950,Daytona Beach International Airport,29.179899,-81.058098
3993,Downtown-Manhattan/Wall St Heliport,40.70119858,-74.00900269
4004,Talkeetna Airport,62.320499420165994,-150.09399414062
4006,Tweed New Haven Airport,41.26369858,-72.88680267
4007,Asheville Regional Airport,35.43619918823242,-82.54180145263672
4008,Piedmont Triad International Airport,36.097801208496094,-79.93730163574219
4009,Joe Foss Field Airport,43.5820007324,-96.741897583
4011,Manchester-Boston Regional Airport,42.932598,-71.435699
4012,Naples Municipal Airport,26.1525993347,-81.7752990723
4014,Louisville International Standiford Field,38.1744,-85.736
4015,Charlottesville Albemarle Airport,38.13859939575195,-78.4529037475586
4016,Roanoke–Blacksburg Regional Airport,37.3255,-79.975403
4017,Blue Grass Airport,38.0364990234375,-84.60590362548828
4018,Evansville Regional Airport,38.0369987488,-87.53240203860001
4019,Albuquerque International Sunport,35.040199,-106.609001
4020,Gallatin Field,45.77750015,-111.15299990000001
4021,Billings Logan International Airport,45.807701110839844,-108.54299926757812
4022,Bert Mooney Airport,45.95479965209961,-112.49700164794922
4023,Cherry Capital Airport,44.74140167236328,-85.58219909667969
4025,Hancock County-Bar Harbor Airport,44.45000076,-68.36150359999999
4026,Knox County Regional Airport,44.06010056,-69.09919739
4027,Jackson Hole Airport,43.6072998046875,-110.73799896240234
4028,Chicago Rockford International Airport,42.19540023803711,-89.09719848632812
4034,Greenville Spartanburg International Airport,34.895698547399995,-82.2189025879
4037,Central Illinois Regional Airport at Bloomington-Normal,40.47710037,-88.91590118
4038,Gulfport Biloxi International Airport,30.40730094909668,-89.07009887695312
4039,Kalamazoo Battle Creek International Airport,42.234901428222656,-85.5521011352539
4040,Toledo Express Airport,41.58679962,-83.80780029
4041,Fort Wayne International Airport,40.97850037,-85.19509888
4042,Decatur Airport,39.83459854125977,-88.8656997680664
4043,The Eastern Iowa Airport,41.88470077514648,-91.71080017089844
4044,La Crosse Municipal Airport,43.879002,-91.256699
4045,Central Wisconsin Airport,44.7775993347,-89.6668014526
4046,General Wayne A. Downing Peoria International Airport,40.664199829100006,-89.6932983398
4047,Appleton International Airport,44.258098602299995,-88.51909637450001
4048,Rochester International Airport,43.90829849243164,-92.5
4049,University of Illinois Willard Airport,40.03919983,-88.27809906
4050,Manhattan Regional Airport,39.14099884033203,-96.6707992553711
4058,Venango Regional Airport,41.3778991699,-79.8603973389
4063,Grand Junction Regional Airport,39.1223983765,-108.527000427
4064,St George Municipal Airport,37.036389,-113.510306
4065,David Wayne Hooks Memorial Airport,30.0618000031,-95.5528030396
4066,Port O'Connor Private Heliport,28.429725,-96.444419
4067,Sarasota Bradenton International Airport,27.39539909362793,-82.55439758300781
4071,Van Nuys Airport,34.209800720215,-118.48999786376999
4072,Quad City International Airport,41.44850158691406,-90.50749969482422
4073,Panama City-Bay Co International Airport,30.212099,-85.6828
4083,Bismarck Municipal Airport,46.77270126342773,-100.74600219726562
4084,Telluride Regional Airport,37.9538002,-107.90799709999999
4087,Rapid City Regional Airport,44.0452995300293,-103.05699920654295
4088,Mc Clellan-Palomar Airport,33.12829971,-117.27999879999999
4089,Bishop International Airport,42.96540069580078,-83.74359893798828
4098,Redding Municipal Airport,40.50899887,-122.2929993
4099,Mahlon Sweet Field,44.12459945678711,-123.21199798583984
4100,Idaho Falls Regional Airport,43.514599,-112.070999
4101,Rogue Valley International Medford Airport,42.37419891357422,-122.8730010986328
4103,Roberts Field,44.254100799999996,-121.15000149999999
4112,Akron Canton Regional Airport,40.916099548339844,-81.44219970703125
4113,Huntsville International Carl T Jones Field,34.637199401855,-86.775100708008
4114,Mid Ohio Valley Regional Airport,39.34510040283203,-81.43920135498047
4115,Montgomery Regional (Dannelly Field) Airport,32.30059814,-86.39399719
4116,Tri-Cities Regional TN/VA Airport,36.475201,-82.40740100000001
4117,Barkley Regional Airport,37.06079864501953,-88.7738037109375
4124,Page Municipal Airport,36.92610168,-111.447998
4127,Glacier Park International Airport,48.31050109863281,-114.25599670410156
4128,MBS International Airport,43.532901763916016,-84.07959747314453
4129,Greater Binghamton/Edwin A Link field,42.20869827,-75.97979736
4136,Blythe Airport,33.6192016602,-114.717002869
4147,Petersburg James A Johnson Airport,56.80170059,-132.9450073
4167,Orlando Sanford International Airport,28.7775993347168,-81.23750305175781
4169,John Murtha Johnstown Cambria County Airport,40.31610107421875,-78.83390045166016
4216,Missoula International Airport,46.91630173,-114.0910034
4219,Grand Canyon National Park Airport,35.95240020751953,-112.14700317382812
4220,Sugar Land Regional Airport,29.622299194335998,-95.65650177001999
4222,Centennial Airport,39.57009888,-104.84899899999999
4223,Clovis Municipal Airport,34.4250984192,-103.07900238
4224,Fort Stockton Pecos County Airport,30.9157009125,-102.916000366
4225,Las Vegas Municipal Airport,35.6542015076,-105.14199829100001
4226,West Houston Airport,29.8181991577,-95.6725997925
4227,La Junta Municipal Airport,38.04970169,-103.5090027
4228,Las Cruces International Airport,32.28939819335937,-106.9219970703125
4229,Stephens County Airport,32.71900177,-98.8909988403
4230,Draughon Miller Central Texas Regional Airport,31.15250015258789,-97.40779876708984
4231,Ozona Municipal Airport,30.735300064087,-101.20300292969
4250,Eagle County Regional Airport,39.64260101,-106.9179993
4253,Cuyahoga County Airport,41.5651016235,-81.4863967896
4254,Mansfield Lahm Regional Airport,40.82139968869999,-82.5166015625
4255,Columbus Metropolitan Airport,32.516300201416016,-84.93890380859375
4256,Lawton Fort Sill Regional Airport,34.5676994324,-98.4166030884
4257,Northern Colorado Regional Airport,40.451803999999996,-105.01100000000001
4261,Flagstaff Pulliam Airport,35.13850021,-111.6709976
4262,Lake Tahoe Airport,38.89390182495117,-119.99500274658205
4263,Joslin Field Magic Valley Regional Airport,42.4818,-114.487999
4265,Martha's Vineyard Airport,41.393100738499996,-70.6143035889
4268,Concord Municipal Airport,43.20270157,-71.50229645
4270,Groton New London Airport,41.3301010131836,-72.04509735107422
4271,St Cloud Regional Airport,45.54660034179688,-94.05989837646484
4273,Golden Triangle Regional Airport,33.450298309299995,-88.59140014649999
4275,Bowerman Airport,46.9711990356,-123.93699646
4276,Erie International Tom Ridge Field,42.0831270134,-80.1738667488
4278,Barnstable Municipal Boardman Polando Field,41.66930008,-70.28040314
4280,Sedona Airport,34.848598480225,-111.78800201416
4284,Morgantown Municipal Walter L. Bill Hart Field,39.64289856,-79.91629791
4285,Yeager Airport,38.37310028076172,-81.59320068359375
4286,Wilkes Barre Scranton International Airport,41.338500976599995,-75.72339630130001
4287,Bemidji Regional Airport,47.50939941,-94.93370056
4292,Hector International Airport,46.92070007324219,-96.81580352783205
4293,Charles B. Wheeler Downtown Airport,39.12319946289063,-94.5927963256836
4296,Gillette Campbell County Airport,44.3488998413,-105.539001465
4298,El Toro Marine Corps Air Station,33.676101684570305,-117.7310028076172
4318,University Park Airport,40.8493003845,-77.84870147710002
4335,Key Field,32.33259963989258,-88.75189971923828
4336,Abraham Lincoln Capital Airport,39.84410095,-89.67790222
4338,Cortez Municipal Airport,37.3030014038,-108.627998352
4339,Yampa Valley Airport,40.48120117,-107.21800230000001
4340,Gallup Municipal Airport,35.511100769,-108.789001465
4341,Liberal Mid-America Regional Airport,37.04420089999999,-100.95999909999999
4342,Lamar Municipal Airport,38.069698333699996,-102.68800354
4343,Renner Field-Goodland Municipal Airport,39.37060165,-101.6989975
4344,Yellowstone Regional Airport,44.520198822,-109.024002075
4348,Springfield Branson National Airport,37.24570084,-93.38860321
4354,Joplin Regional Airport,37.151798248291016,-94.49829864501952
4355,Lehigh Valley International Airport,40.652099609375,-75.44080352783203
4356,Northwest Arkansas Regional Airport,36.281898,-94.30680100000001
4359,South Bend Regional Airport,41.70869827270508,-86.31729888916016
4383,Smith Field,41.14339828,-85.15280151
4384,California Redwood Coast-Humboldt County Airport,40.978101,-124.109
4386,Albert J Ellis Airport,34.8292007446,-77.61209869380002
4387,Tuscaloosa Regional Airport,33.220600128174,-87.611396789551
4388,Dubuque Regional Airport,42.40200043,-90.70950317
5714,Aberdeen Regional Airport,45.44910049438477,-98.42179870605469
5715,Southwest Georgia Regional Airport,31.535499572753906,-84.19450378417969
5716,Athens Ben Epps Airport,33.94860076904297,-83.32630157470703
5717,Alamogordo White Sands Regional Airport,32.839900970500004,-105.990997314
5718,Waterloo Regional Airport,42.55709838867188,-92.40029907226562
5719,Walla Walla Regional Airport,46.09489822,-118.288002
5720,Alpena County Regional Airport,45.07809829999999,-83.56030273
5721,Watertown Regional Airport,44.91400146,-97.15470123
5722,Bradford Regional Airport,41.8031005859375,-78.64009857177734
5723,Western Neb. Rgnl/William B. Heilig Airport,41.87400055,-103.5960007
5724,Raleigh County Memorial Airport,37.787300109899995,-81.1241989136
5725,Brunswick Golden Isles Airport,31.2588005065918,-81.46649932861328
5726,Southeast Iowa Regional Airport,40.783199310302734,-91.12550354003906
5727,Jack Mc Namara Field Airport,41.78020096,-124.23699950000001
5728,Cape Girardeau Regional Airport,37.22529983520508,-89.57080078125
5729,Chippewa County International Airport,46.25080108642578,-84.47239685058594
5730,North Central West Virginia Airport,39.2966003418,-80.2281036377
5731,William R Fairchild International Airport,48.120201110839844,-123.5
5732,Houghton County Memorial Airport,47.16839981079102,-88.48909759521484
5733,Dodge City Regional Airport,37.76340103149414,-99.9655990600586
5734,DuBois Regional Airport,41.17829895,-78.8986969
5735,Chippewa Valley Regional Airport,44.86579895019531,-91.48429870605469
5736,Elko Regional Airport,40.82490158081055,-115.79199981689452
5737,New Bedford Regional Airport,41.67610168457031,-70.95690155029297
5738,Fayetteville Regional Grannis Field,34.991199493408196,-78.88030242919922
5739,Wokal Field Glasgow International Airport,48.212502,-106.614998
5740,Central Nebraska Regional Airport,40.96749877929688,-98.30960083007812
5741,Memorial Field,34.47800064086914,-93.09619903564452
5742,Tri-State/Milton J. Ferguson Field,38.36669922,-82.55799866
5744,Kirksville Regional Airport,40.09349822998047,-92.5448989868164
5745,Jamestown Regional Airport,46.92969894,-98.67819977
5746,Laramie Regional Airport,41.31209945678711,-105.6750030517578
5747,Arnold Palmer Regional Airport,40.27590179,-79.40480042
5748,North Platte Regional Airport Lee Bird Field,41.12620163,-100.6839981
5749,Lebanon Municipal Airport,43.626098632799994,-72.30419921880002
5750,Crater Lake-Klamath Regional Airport,42.156101,-121.733002
5751,Lancaster Airport,40.12170028686523,-76.29609680175781
5752,Lewistown Municipal Airport,47.04930114746094,-109.46700286865234
5753,Lynchburg Regional Preston Glenn Field,37.326698303222656,-79.20040130615234
5754,Muskegon County Airport,43.16949844,-86.23819733
5755,Frank Wiley Field,46.428001403808594,-105.88600158691406
5756,Northwest Alabama Regional Airport,34.74530029,-87.61019897
5757,Southwest Oregon Regional Airport,43.41709899902344,-124.24600219726562
5758,Owensboro Daviess County Airport,37.74010086,-87.16680145
5759,Hattiesburg Laurel Regional Airport,31.467100143432614,-89.33709716796875
5760,Pocatello Regional Airport,42.9098014831543,-112.59600067138672
5761,Pierre Regional Airport,44.38270187,-100.2860031
5762,Pellston Regional Airport of Emmet County Airport,45.57089996,-84.79669952
5763,Portsmouth International at Pease Airport,43.0778999329,-70.8233032227
5764,Reading Regional Carl A Spaatz Field,40.378501892089844,-75.96520233154297
5765,Rhinelander Oneida County Airport,45.63119888305664,-89.46749877929688
5766,Southwest Wyoming Regional Airport,41.5942,-109.065001
5767,Rutland - Southern Vermont Regional Airport,43.52939987,-72.94960022
5768,San Luis County Regional Airport,35.2368011475,-120.64199829100001
5769,Sheridan County Airport,44.76919937133789,-106.9800033569336
5770,Adirondack Regional Airport,44.38529968261719,-74.2061996459961
5771,Salina Municipal Airport,38.79100036621094,-97.6521987915039
5772,Santa Maria Pub/Capt G Allan Hancock Field,34.89889908,-120.4570007
5773,Tupelo Regional Airport,34.26810073852539,-88.7698974609375
5774,Quincy Regional Baldwin Field,39.94269943,-91.19460297
5775,Victoria Regional Airport,28.85260009765625,-96.9185028076172
5776,Valdosta Regional Airport,30.78249931335449,-83.27670288085938
5777,Worland Municipal Airport,43.9656982421875,-107.95099639892578
5779,Yakima Air Terminal McAllister Field,46.56819916,-120.5439987
5959,Adak Airport,51.87799835205078,-176.64599609375
5960,Gustavus Airport,58.42530060000001,-135.7070007
5961,Skagway Airport,59.46009826660156,-135.31599426269528
5962,Holy Cross Airport,62.18830108642578,-159.77499389648438
5963,Haines Airport,59.24380111694336,-135.52400207519528
5964,Kalskag Airport,61.53630065917969,-160.34100341796875
5965,McGrath Airport,62.95289993,-155.60600280000003
5966,Mountain Village Airport,62.09540176391602,-163.6820068359375
5967,Aniak Airport,61.58160018920898,-159.54299926757812
5968,Chevak Airport,61.5409,-165.6005
5969,Wrangell Airport,56.48429871,-132.36999509999998
5989,Kalaupapa Airport,21.21100044,-156.973999
6126,Aleknagik / New Airport,59.2826004028,-158.617996216
6128,Mercer County Airport,37.295799255371094,-81.20770263671875
6130,Mid Delta Regional Airport,33.482898712158196,-90.98560333251952
6133,Tri Cities Airport,46.26470184326172,-119.11900329589844
6134,Akutan Seaplane Base,54.1337704415,-165.77889561700002
6136,Lopez Island Airport,48.4838981628418,-122.93800354003906
6415,Waikoloa Heliport,19.9205,-155.8607
6426,Worcester Regional Airport,42.26729965209961,-71.87570190429688
6445,Bremerton National Airport,47.490200042725,-122.76499938965
6446,Spencer Municipal Airport,43.165500640869,-95.202796936035
6447,Jefferson City Memorial Airport,38.591201782199995,-92.1560974121
6456,Provincetown Municipal Airport,42.071899414099995,-70.2213973999
6481,Fullerton Municipal Airport,33.8720016479,-117.980003357
6482,Concord-Padgett Regional Airport,35.387798,-80.709099
6494,Friedman Memorial Airport,43.50439835,-114.2959976
6500,Mason City Municipal Airport,43.15779876710001,-93.33129882809999
6505,Phoenix-Mesa-Gateway Airport,33.30780029,-111.65499879999999
6712,Anaktuvuk Pass Airport,68.13359833,-151.7429962
6713,Anvik Airport,62.646702000000005,-160.190994
6714,Atqasuk Edward Burnell Sr Memorial Airport,70.46730041503906,-157.43600463867188
6715,Gambell Airport,63.76679992675781,-171.73300170898438
6716,Hooper Bay Airport,61.52389908,-166.1470032
6717,Kaltag Airport,64.31909943,-158.74099730000003
6718,St Mary's Airport,62.0605011,-163.30200200000002
6719,Kivalina Airport,67.73619842529297,-164.56300354003906
6720,Mekoryuk Airport,60.37139892578125,-166.27099609375
6722,Ruby Airport,64.72720337,-155.47000119999998
6723,Shishmaref Airport,66.249604,-166.089112
6724,Savoonga Airport,63.6864013671875,-170.4929962158203
6725,Noatak Airport,67.56610107421875,-162.97500610351562
6729,Arctic Village Airport,68.1147,-145.578995
6736,Port Clarence Coast Guard Station,65.25370025630001,-166.85899353
6739,Hagerstown Regional Richard A Henson Field,39.707901,-77.72949982
6742,Sand Point Airport,55.31499862670898,-160.5229949951172
6755,Deering Airport,66.0696029663,-162.76600647
6763,Igiugig Airport,59.32400131225586,-155.90199279785156
6764,New Stuyahok Airport,59.4499015808,-157.32800293
6765,King Cove Airport,55.11629867553711,-162.26600646972656
6766,Port Heiden Airport,56.95909881591797,-158.63299560546875
6767,Togiak Airport,59.05279922485352,-160.39700317382812
6800,Delta County Airport,45.7226982117,-87.0936965942
6803,Yakutat Airport,59.503299713100006,-139.660003662
6825,Williamson County Regional Airport,37.75500107,-89.01110077
6837,Ford Airport,45.8184013367,-88.11450195309999
6838,Marquette Airport,46.53390121459961,-87.5614013671875
6839,Allakaket Airport,66.5518035889,-152.621994019
6844,Michigan City Municipal Airport,41.703300476100004,-86.8211975098
6845,Seward Airport,60.12689971923828,-149.41900634765625
6849,Grand Marais Cook County Airport,47.838298797600004,-90.3828964233
6853,Wausau Downtown Airport,44.9262008667,-89.62660217290001
6871,Delaware County Johnson Field,40.2422981262207,-85.3958969116211
6873,Purdue University Airport,40.41230010986328,-86.93689727783203
6876,Brown County Airport,38.88190078735352,-83.88269805908203
6877,North Las Vegas Airport,36.21070098877,-115.19400024414
6878,Kenosha Regional Airport,42.59569931,-87.92780304
6880,Montrose Regional Airport,38.5097999573,-107.89399719200001
6881,Riverton Regional Airport,43.064201355,-108.459999084
6883,Eastern Oregon Regional At Pendleton Airport,45.695098877,-118.84100341799999
6909,Wittman Regional Airport,43.98440170288086,-88.55699920654297
6916,Pangborn Memorial Airport,47.3988990784,-120.20700073200001
6948,NAS Fort Worth JRB/Carswell Field,32.76919937,-97.4414978
6956,Gary Chicago International Airport,41.61629867553711,-87.41280364990234
6957,Brainerd Lakes Regional Airport,46.39830017,-94.13809967
6958,Greenbrier Valley Airport,37.8582992554,-80.3994979858
6959,Pitt Greenville Airport,35.6352005,-77.38529968
6960,Chefornak Airport,60.1492004395,-164.285995483
6961,Oxnard Airport,34.200801849365,-119.20700073241998
6962,Branson Airport,36.532082,-93.200544
6968,Schenectady County Airport,42.852500915527,-73.92890167236301
6989,Northeast Florida Regional Airport,29.9592,-81.339798
6992,Charles M. Schulz Sonoma County Airport,38.50899887,-122.8130035
6993,Kissimmee Gateway Airport,28.289800643899998,-81.43710327149999
6994,Lake City Gateway Airport,30.181999206500002,-82.57689666750002
6995,Deland Municipal Sidney H Taylor Field,29.06699944,-81.28379822
6996,Haller Airpark,29.904057,-81.68515
6998,Logan-Cache Airport,41.7911987305,-111.851997375
6999,Brigham City Regional Airport,41.552399,-112.061996
7000,Malad City Airport,42.16659927368164,-112.2969970703125
7001,Aspen-Pitkin Co/Sardy Field,39.22320175,-106.8690033
7009,Kerrville Municipal Louis Schreiner Field,29.9766998291,-99.08570098879999
7011,Sussex County Airport,38.68920135,-75.35890198
7013,Great Bend Municipal Airport,38.3442993164,-98.85919952389999
7014,Hays Regional Airport,38.84220123,-99.27320099
7015,Spirit of St Louis Airport,38.662101745605,-90.652000427246
7016,Ely Municipal Airport,47.82450104,-91.83070374
7017,Grand Rapids Itasca Co-Gordon Newstrom field,47.21110153,-93.50980377
7018,Thief River Falls Regional Airport,48.06570053,-96.18499756
7019,Eagle River Union Airport,45.9323005676,-89.26830291750002
7020,Lakeland-Noble F. Lee Memorial field,45.92789841,-89.73090363
7021,Ankeny Regional Airport,41.69139862060547,-93.56639862060548
7023,Corpus Christi Naval Air Station/Truax Field,27.69260025,-97.29109955
7025,Catalina Airport,33.4049,-118.416
7026,Mojave Airport,35.05939865,-118.15200039999999
7035,Hutchinson Municipal Airport,38.0654983521,-97.86060333250002
7042,Rosecrans Memorial Airport,39.771900177002,-94.909698486328
7048,Volk Field,43.938999176025,-90.253402709961
7051,Gunnison Crested Butte Regional Airport,38.53390121,-106.9329987
7053,Zamperini Field,33.803398132324,-118.33999633789
7054,Manistee Co Blacker Airport,44.2723999,-86.24690247
7056,Charlotte County Airport,26.92020035,-81.99050140000001
7058,Northern Aroostook Regional Airport,47.2854995728,-68.31279754639999
7059,Chautauqua County-Jamestown Airport,42.15340042,-79.25800323
7061,Lake Cumberland Regional Airport,37.0533981323,-84.61589813229999
7062,Shenandoah Valley Regional Airport,38.2638015747,-78.8964004517
7063,Devils Lake Regional Airport,48.11420059,-98.90879822
7064,Dickinson Theodore Roosevelt Regional Airport,46.7974014282,-102.80200195299999
7065,Sidney - Richland Regional Airport,47.706902,-104.193001
7066,Chadron Municipal Airport,42.837600708000004,-103.095001221
7067,Alliance Municipal Airport,42.0531997681,-102.804000854
7068,Mc Cook Ben Nelson Regional Airport,40.20629883,-100.59200290000001
7069,The Florida Keys Marathon Airport,24.726101,-81.051399
7070,Dawson Community Airport,47.13869858,-104.8069992
7071,L M Clayton Airport,48.0945014954,-105.57499694799999
7072,Yellowstone Airport,44.68840027,-111.11799620000001
7073,San Luis Valley Regional Bergman Field,37.434898,-105.866997
7074,Canyonlands Field,38.75500107,-109.7549973
7075,Ely Airport Yelland Field,39.29970169,-114.84200290000001
7076,Vernal Regional Airport,40.4408989,-109.5100021
7077,Sierra Blanca Regional Airport,33.462799072266,-105.53500366211
7078,Show Low Regional Airport,34.265499115,-110.005996704
7079,McCall Municipal Airport,44.88970184,-116.10099790000001
7080,Lemhi County Airport,45.1237983704,-113.880996704
7081,Mammoth Yosemite Airport,37.62409973,-118.83799740000002
7082,Friday Harbor Airport,48.5219993591,-123.024002075
7083,Orcas Island Airport,48.708198547399995,-122.91000366200001
7085,Astoria Regional Airport,46.158000946,-123.87899780299999
7086,Newport Municipal Airport,44.580399,-124.057999
7087,Emmonak Airport,62.78609848,-164.49099730000003
7088,Unalakleet Airport,63.88840103,-160.798996
7089,Ugnu-Kuparuk Airport,70.33080291750001,-149.59800720200002
7090,Shageluk Airport,62.6922988892,-159.569000244
7091,Chuathbaluk Airport,61.579102,-159.216003
7092,Nuiqsut Airport,70.2099990845,-151.00599670399998
7093,Eek Airport,60.21367264,-162.0438843
7094,Kasigluk Airport,60.87440109,-162.5240021
7095,Kwethluk Airport,60.790298461899994,-161.444000244
7096,Kwigillingok Airport,59.876499,-163.169005
7097,Marshall Don Hunter Sr Airport,61.8642997742,-162.026000977
7098,Russian Mission Airport,61.7788848877,-161.319458008
7101,Koliganek Airport,59.726600647,-157.259002686
7103,Manokotak Airport,58.9902000427,-159.050003052
7105,Chalkyitsik Airport,66.6449966431,-143.74000549299998
7106,Eagle Airport,64.77639771,-141.151001
7107,Hughes Airport,66.04109955,-154.26300049999998
7108,Huslia Airport,65.69789886,-156.3509979
7111,Nulato Airport,64.729301,-158.074005
7114,Venetie Airport,67.0086975098,-146.365997314
7115,Beaver Airport,66.36219787600001,-147.406997681
7116,Central Airport,65.57379913,-144.78300480000001
7117,Shungnak Airport,66.88809967041,-157.16200256348
7120,Inyokern Airport,35.65879822,-117.83000179999999
7121,Visalia Municipal Airport,36.3186988831,-119.392997742
7122,Merced Regional Macready Field,37.28469849,-120.5139999
7126,Phoenix Goodyear Airport,33.4225006104,-112.375999451
7135,Angoon Seaplane Base,57.503601,-134.58500700000002
7136,Elfin Cove Seaplane Base,58.1952018738,-136.347000122
7140,Funter Bay Seaplane Base,58.2543983459,-134.897994995
7142,Hoonah Airport,58.0961,-135.410111
7143,Kake Airport,56.9613990784,-133.910003662
7146,Metlakatla Seaplane Base,55.131001,-131.578003
7148,Hydaburg Seaplane Base,55.206298828125,-132.8280029296875
7154,Egegik Airport,58.1855010986,-157.375
7157,Perryville Airport,55.905998,-159.162993
7158,Pilot Point Airport,57.5803985596,-157.572006226
7159,South Naknek Nr 2 Airport,58.7033996582,-157.007995605
7160,Akhiok Airport,56.9387016296,-154.182998657
7161,Karluk Airport,57.5671005249,-154.449996948
7162,Larsen Bay Airport,57.535099029499996,-153.977996826
7177,Ambler Airport,67.1063,-157.856989
7178,Buckland Airport,65.9815979004,-161.149002075
7179,Bob Baker Memorial Airport,66.9759979248,-160.43699646
7180,Kobuk Airport,66.9123001099,-156.897003174
7181,Robert (Bob) Curtis Memorial Airport,66.81790161,-161.01899719999997
7182,Selawik Airport,66.60009766,-159.98599240000001
7183,Brevig Mission Airport,65.3312988281,-166.46600341799999
7184,Elim Airport,64.61470032,-162.2720032
7185,Golovin Airport,64.5504989624,-163.007003784
7186,Teller Airport,65.2404022217,-166.339004517
7187,Wales Airport,65.62259300000001,-168.095
7188,White Mountain Airport,64.689201355,-163.412994385
7190,Koyuk Alfred Adams Airport,64.9394989014,-161.154006958
7191,St Michael Airport,63.49010086,-162.1100006
7192,Shaktoolik Airport,64.37110138,-161.223999
7194,Tin City Long Range Radar Station Airport,65.56310272,-167.9219971
7195,Atka Airport,52.22029877,-174.2059937
7196,Nikolski Air Station,52.94160079956055,-168.8489990234375
7198,Yakataga Airport,60.080974,-142.494541
7199,Alakanuk Airport,62.6800422668,-164.65992736799998
7201,Kipnuk Airport,59.9329986572,-164.031005859
7202,False Pass Airport,54.8474006652832,-163.41000366210938
7203,Nelson Lagoon Airport,56.007499694824,-161.16000366211
7204,Port Moller Airport,56.0060005188,-160.561004639
7205,Klawock Airport,55.5792007446,-133.076004028
7206,Quinhagak Airport,59.7551,-161.845
7207,Kotlik Airport,63.030601501499994,-163.533004761
7208,Koyukuk Airport,64.8760986328,-157.727005005
7209,Scammon Bay Airport,61.84529876710001,-165.570999146
7210,Nondalton Airport,59.980201721190994,-154.8390045166
7213,Kongiganak Airport,59.9608001709,-162.88099670399998
7214,Nikolai Airport,63.0186,-154.358002
7217,Akiak Airport,60.9029006958,-161.231002808
7220,Wainwright Airport,70.6380004883,-159.994995117
7233,Chenega Bay Airport,60.0773010254,-147.992004395
7235,Tok Junction Airport,63.32949829,-142.9539948
7236,Circle City /New/ Airport,65.83049799999999,-144.076008
7240,Sleetmute Airport,61.7005004883,-157.166000366
7242,Healy River Airport,63.8661994934082,-148.968994140625
7244,Klawock Seaplane Base,55.5546989440918,-133.10200500488278
7245,Minchumina Airport,63.886002000000005,-152.30200200000002
7246,Manley Hot Springs Airport,64.99759674069999,-150.643997192
7415,Eastern WV Regional Airport/Shepherd Field,39.40190125,-77.98459625
7494,Rock Hill - York County Airport,34.9878006,-81.05719757
7495,Allegheny County Airport,40.354400634765625,-79.9301986694336
7496,Cecil Airport,30.2187004089,-81.876701355
7497,Fulton County Airport Brown Field,33.7790985107,-84.5214004517
7511,The Ohio State University Airport - Don Scott Field,40.0798,-83.072998
7513,Addison Airport,32.9686012268,-96.8364028931
7514,Destin Executive Airport,30.40010071,-86.47149658
7522,Kinston Regional Jetport At Stallings Field,35.331401825,-77.60880279540002
7523,First Flight Airport,36.0181999207,-75.67130279540002
7579,Provo Municipal Airport,40.219200134277,-111.72299957275
7580,Steamboat Springs Bob Adams Field,40.5163002,-106.8659973
7581,Delta Municipal Airport,39.3805999756,-112.508003235
7582,Richfield Municipal Airport,38.73640060424805,-112.0989990234375
7583,Carbon County Regional/Buck Davis Field,39.61389923,-110.7509995
7584,Los Alamos Airport,35.8797988892,-106.26899719200001
7586,Lake Havasu City Airport,34.571098,-114.358002
7587,Winslow Lindbergh Regional Airport,35.021900177,-110.722999573
7588,Douglas Municipal Airport,31.3425998688,-109.505996704
7621,Bartow Municipal Airport,27.943399429299998,-81.78340148930002
7629,Livermore Municipal Airport,37.6934013367,-121.819999695
7630,Mariposa Yosemite Airport,37.510898590100005,-120.040000916
7646,Jacqueline Cochran Regional Airport,33.62670135498,-116.16000366211
7647,Santa Monica Municipal Airport,34.015800476100004,-118.45099639899999
7648,Bermuda Dunes Airport,33.748401641846,-116.27500152588001
7649,Scottsdale Airport,33.622898101806996,-111.91100311279
7650,Olympia Regional Airport,46.9693985,-122.90299990000001
7651,Yolo County Davis Woodland Winters Airport,38.57910156,-121.8570023
7652,Garfield County Regional Airport,39.526299,-107.726997
7653,Shively Field,41.444901,-106.82399699999999
7654,DeKalb Peachtree Airport,33.8755989075,-84.3020019531
7655,Monroe County Airport,39.14599990844727,-86.61669921875
7656,Witham Field,27.18169975,-80.22109985
7657,Morristown Municipal Airport,40.799400329589844,-74.41490173339844
7658,Napa County Airport,38.2132,-122.280998
7659,Brown Field Municipal Airport,32.572299957275,-116.98000335693001
7662,Venice Municipal Airport,27.071599960327,-82.440299987793
7663,Palm Beach County Glades Airport,26.78499985,-80.69339752
7669,Northwest Florida Beaches International Airport,30.357105999999998,-85.79541400000001
7670,San Bernardino International Airport,34.0954017639,-117.23500061
7683,San Carlos Airport,37.511901855469,-122.25
7690,Rocky Mount Wilson Regional Airport,35.856300354003906,-77.89189910888672
7691,Whittier Airport,60.777198791503906,-148.7220001220703
7692,Soldotna Airport,60.47570037841797,-151.03399658203125
7693,Gillespie Field,32.826198577880994,-116.97200012206999
7694,San Clemente Island Naval Auxiliary Landing Field,33.02270126,-118.58799740000002
7702,Truckee Tahoe Airport,39.3199996948,-120.13999939
7712,Cobb County-Mc Collum Field,34.01319885,-84.59860229
7716,Dell Flight Strip,44.7356987,-112.720001221
7717,Mission Field,45.6994018555,-110.44799804700001
7720,Big Timber Airport,45.80640029907226,-109.9810028076172
7721,Tulip City Airport,42.742900848389,-86.10739898681601
7727,Monument Valley Airport,37.0167007446,-110.20099639899999
7729,West 30th St. Heliport,40.754501,-74.007103
7732,Lakeland Linder International Airport,27.988899,-82.018602
7767,Indianola Municipal Airport,33.485699,-90.67890200000001
7769,French Valley Airport,33.5741996765,-117.127998352
7775,Carl R Keller Field,41.516300201416016,-82.86869812011719
7776,Dayton-Wright Brothers Airport,39.5890007019,-84.224899292
7777,Richmond Municipal Airport,39.75719833374024,-84.8427963256836
7778,Findlay Airport,41.013500213600004,-83.66870117190001
7809,Black Hills Airport-Clyde Ice Field,44.48030090332,-103.78299713135
7817,Olive Branch Airport,34.9786987305,-89.78690338130001
7822,Rocky Mountain Metropolitan Airport,39.90879822,-105.11699679999998
7826,Salem Municipal Airport/McNary Field,44.90950012,-123.00299840000002
7827,Tunica Municipal Airport,34.680999755859,-90.34670257568399
7839,Lawrence J Timmerman Airport,43.110401,-88.034401
7840,Southern Wisconsin Regional Airport,42.620300293,-89.0416030884
7846,Arlington Municipal Airport,32.66389846801758,-97.09429931640624
7847,Gwinnett County Briscoe Field,33.97809982,-83.96240234
7848,Bowling Green Warren County Regional Airport,36.9645004272,-86.41970062259999
7849,Richard Lloyd Jones Jr Airport,36.039600372314,-95.98459625244101
7857,Bryce Canyon Airport,37.706401825,-112.144996643
7859,Burlington Alamance Regional Airport,36.048500061035156,-79.47489929199219
7869,New Century Aircenter Airport,38.830898284899995,-94.890296936
7870,Easton Newnam Field,38.8041992188,-76.06900024410002
7875,Yuba County Airport,39.09780121,-121.5699997
7880,Halliburton Field,34.47090149,-97.95989990000001
7885,Garner Field,29.2112998962,-99.74359893799999
7886,Lewis University Airport,41.6072998,-88.09619904
7888,Buchanan Field,37.9897003174,-122.056999207
7889,Ocean Reef Club Airport,25.325399398804002,-80.274803161621
7907,Ohio University Snyder Field,39.2109985352,-82.23139953610001
7908,Springfield-Beckley Municipal Airport,39.840301513671996,-83.840202331543
7925,Philip Billard Municipal Airport,39.068698883056996,-95.62249755859399
7928,Benson Airstrip,29.229400634765625,-99.82389831542969
7929,Rough River State Park Airport,37.610022,-86.507262
7930,Smyrna Airport,36.0089988708,-86.52010345459999
7931,Franklin County Airport,35.205101013184,-85.898101806641
7935,Collin County Regional At Mc Kinney Airport,33.17789841,-96.59049988
7936,Chicago Executive Airport,42.114222,-87.901494
7938,Southwest Washington Regional Airport,46.11800003049999,-122.898002625
7978,Wilmington Airpark,39.427898407,-83.79209899899999
7979,Marana Regional Airport,32.4095993042,-111.21800231899999
7980,Casa Grande Municipal Airport,32.954899,-111.766998
7981,Mobile Airport,33.111900329589844,-112.2689971923828
7982,Buckeye Municipal Airport,33.42039871,-112.685997
7983,Gila Bend Municipal Airport,32.95809937,-112.6780014
7984,McMinn County Airport,35.39730072,-84.56259918
7985,Sterling Municipal Airport,40.61529922,-103.26499940000001
7986,Rawlins Municipal Airport/Harvey Field,41.80559921,-107.1999969
7990,Essex County Airport,40.875198364300005,-74.2814025879
7991,Lee C Fine Memorial Airport,38.0960006714,-92.54949951170002
7998,Thomasville Regional Airport,30.901599884032997,-83.881301879883
7999,Henderson Executive Airport,35.9728012085,-115.134002686
8005,Henry Tift Myers Airport,31.429000854499996,-83.4885025024
8030,Phoenix Deer Valley Airport,33.688301086399996,-112.083000183
8034,Republic Airport,40.7288017273,-73.41339874270001
8042,South Texas Regional Airport at Hondo,29.35950088501,-99.17669677734399
8050,McKinley National Park Airport,63.7326011658,-148.910995483
8051,Lake Hood Airport,61.186946,-149.965442
8052,Prospect Creek Airport,66.814102172852,-150.64399719238
8062,Wheeling Ohio County Airport,40.1749992371,-80.6463012695
8063,Fitzgerald Municipal Airport,31.68370056152344,-83.27050018310547
8077,Aransas County Airport,28.086799621599997,-97.04460144040002
8117,Crisp County Cordele Airport,31.98880005,-83.77390289
8118,Ormond Beach Municipal Airport,29.300600051879886,-81.11360168457031
8121,Portland Troutdale Airport,45.54940032959001,-122.40100097656
8122,Portland Hillsboro Airport,45.540401,-122.949997
8123,One Police Plaza Heliport,40.71260070800781,-73.99960327148438
8133,Bend Municipal Airport,44.09479904,-121.20099640000001
8134,Christmas Valley Airport,43.23649978637695,-120.66600036621094
8135,Burns Municipal Airport,43.5918998718,-118.955001831
8136,Prineville Airport,44.286998748779,-120.90399932861
8137,Red Bluff Municipal Airport,40.1506996155,-122.25199890100001
8138,Marin County Airport - Gnoss Field,38.143600463867,-122.55599975586
8139,Lake County Airport,42.1610984802,-120.399002075
8140,Tillamook Airport,45.4182014465,-123.81400299100001
8141,Ontario Municipal Airport,44.020500183105,-117.01399993896001
8142,Columbia Gorge Regional the Dalles Municipal Airport,45.618499755900004,-121.166999817
8143,Montgomery County Airpark,39.168300628699996,-77.1660003662
8162,Charlevoix Municipal Airport,45.3047981262207,-85.2748031616211
8182,Flagler Executive Airport,29.4674,-81.206299
8187,Morrisville Stowe State Airport,44.53459930419999,-72.6139984131
8188,Dallas Executive Airport,32.6809005737,-96.86820220950001
8194,Westerly State Airport,41.3496017456,-71.80339813229999
8195,Block Island State Airport,41.1680984497,-71.577796936
8199,Nightmute Airport,60.471000671386996,-164.70100402832
8200,Toksook Bay Airport,60.54140091,-165.0870056
8215,Decatur County Industrial Air Park,30.971500399999996,-84.63739777
8219,Silver Springs Airport,39.40299987792969,-119.2509994506836
8220,Whiteman Airport,34.2593002319,-118.413002014
8221,Madera Municipal Airport,36.9886016846,-120.11199951200001
8252,Apalachicola Regional Airport,29.72750092,-85.02749634
8273,Douglas Municipal Airport,31.47669982910156,-82.8604965209961
8274,St Lucie County International Airport,27.49510002,-80.36830139
8276,Taunton Municipal King Field,41.8744010925293,-71.0166015625
8277,Plymouth Municipal Airport,41.909,-70.728798
8278,Quonset State Airport,41.597099304199,-71.412101745605
8280,Norwood Memorial Airport,42.1904983521,-71.1728973389
8281,Westfield-Barnes Regional Airport,42.157799,-72.715599
8282,Windham Airport,41.74399948120117,-72.1802978515625
8283,Orange County Airport,41.50999832,-74.26460266
8284,Capital City Airport,40.2170982361,-76.85150146480001
8285,Marshfield Municipal George Harlow Field,42.09830093383789,-70.67220306396484
8286,Danbury Municipal Airport,41.3714981079,-73.48220062259999
8287,Boire Field,42.781700134299996,-71.51480102539998
8288,Lawrence Municipal Airport,42.7172012329,-71.1233978271
8289,Waterbury Oxford Airport,41.47859954834,-73.13520050048801
8290,Fitchburg Municipal Airport,42.554100036621094,-71.75900268554688
8291,Earl L. Small Jr. Field/Stockmar Airport,33.756500244099996,-84.88469696039998
8292,Cartersville Airport,34.12310028076172,-84.84870147705078
8293,Centre-Piedmont-Cherokee County Regional Airport,34.089977000000005,-85.610069
8294,Richard B Russell Airport,34.3506011963,-85.15799713130002
8295,Northeast Alabama Regional Airport,33.972599,-86.088996
8296,Knoxville Downtown Island Airport,35.96390151977539,-83.8739013671875
8297,Barrow County Airport,33.98289871,-83.66739655
8298,Plantation Airpark,32.645301818847656,-81.59709930419922
8299,Dalton Municipal Airport,34.72290039,-84.87020111
8300,West Georgia Regional O V Gray Field,33.63100051879883,-85.1520004272461
8302,LaGrange Callaway Airport,33.0089,-85.072601
8303,Baldwin County Regional Airport,33.154202000000005,-83.240701
8305,Harris County Airport,32.8406982422,-84.8824005127
8306,Peachtree City Falcon Field,33.3572998046875,-84.5718002319336
8308,Lee Gilmer Memorial Airport,34.27259827,-83.8302002
8312,Harry Clever Field,40.470901489258,-81.419700622559
8313,Darlington County Airport,34.449401,-79.890098
8314,Hilton Head Airport,32.2243995667,-80.6975021362
8318,Daniel Field,33.4664993286,-82.0393981934
8319,Foothills Regional Airport,35.820202,-81.611397
8320,Pike County-Hatcher Field,37.561798100000004,-82.56639862
8321,Mallards Landing Airport,33.36569976806641,-84.16519927978516
8322,Toccoa Airport - R.G. Letourneau Field,34.59379959,-83.29579926
8342,Fort Worth Alliance Airport,32.9875984192,-97.3188018799
8343,East Troy Municipal Airport,42.79719924926758,-88.37259674072266
8366,Lawrence Municipal Airport,39.01119995,-95.21659851
8367,Wellington Municipal Airport,37.32360076904297,-97.38829803466795
8379,Pompano Beach Airpark,26.247100830078,-80.11109924316399
8394,Shelby County Airport,33.17699814,-86.78279877
8397,Sky Ranch At Carefree Airport,33.818099975585945,-111.89800262451172
8409,Indianapolis Metropolitan Airport,39.93519974,-86.04499817
8410,London-Corbin Airport/Magee Field,37.0821990967,-84.08489990230001
8412,Simmons Army Air Field,35.13180161,-78.93669891
8430,John H Batten Airport,42.7606010437,-87.8152008057
8443,Redlands Municipal Airport,34.08530044555664,-117.14600372314452
8445,Flabob Airport,33.989700317382805,-117.41100311279295
8446,Tacoma Narrows Airport,47.26789856,-122.57800290000002
8460,Jack Edwards Airport,30.29050064,-87.67179871
8473,Hazleton Municipal Airport,40.9868011475,-75.99490356449999
8474,Greater Cumberland Regional Airport,39.615398407,-78.76090240479999
8475,Sugar Loaf Shores Airport,24.648799896240234,-81.57980346679688
8493,Tri-County Regional Airport,43.2117004395,-90.18160247799999
8494,Price County Airport,45.70899963378906,-90.40249633789062
8495,Monroe Municipal Airport,42.61489868164063,-89.59040069580078
8496,Joliet Regional Airport,41.51779938,-88.17549896
8497,Illinois Valley Regional Airport-Walter A Duncan Field,41.351898,-89.153099
8499,Jackson County Reynolds Field,42.2597999573,-84.45939636230001
8502,Joseph A. Hardy Connellsville Airport,39.95920181,-79.65709686
8503,Bedford County Airport,40.08530045,-78.5121994
8504,Wings Field,40.1375007629,-75.26509857180001
8505,Okeechobee County Airport,27.2628002167,-80.8498001099
8506,Sebring Regional Airport,27.45639992,-81.3423996
8507,Avon Park Executive Airport,27.59119987,-81.52780151
8508,Winter Haven Regional Airport - Gilbert Field,28.062901,-81.753304
8509,Zephyrhills Municipal Airport,28.2282009125,-82.15589904790002
8510,Ocala International Airport - Jim Taylor Field,29.17259979,-82.22419739
8511,Jesup Wayne County Airport,31.55400085,-81.88249969
8512,Madison Municipal Airport,33.6120986938,-83.46040344240002
8513,Newnan Coweta County Airport,33.311599731445305,-84.7697982788086
8514,Thomson-McDuffie County Airport,33.52970123,-82.51650238
8515,Aiken Regional Airport,33.649399,-81.684998
8516,Woodward Field,34.2835998535,-80.56490325930001
8517,Lumberton Regional Airport,34.609901428200004,-79.05940246579998
8519,Moore County Airport,35.23740005,-79.39119720000001
8520,Richmond County Airport,34.8913,-79.759598
8524,Baraboo Wisconsin Dells Airport,43.52270126,-89.77020264
8526,Statesville Regional Airport,35.765300750732,-80.953903198242
8528,Burlington Municipal Airport,42.69070053100586,-88.30460357666016
8532,William T. Piper Memorial Airport,41.13560104,-77.42230225
8538,Zelienople Municipal Airport,40.80160141,-80.16069794
8542,Lorain County Regional Airport,41.34429932,-82.17759705
8544,Burke Lakefront Airport,41.51750183105469,-81.68329620361328
8545,Chautauqua County-Dunkirk Airport,42.49330139,-79.27200317
8548,South Jersey Regional Airport,39.9429016113,-74.845703125
8550,Linden Airport,40.617401123,-74.2445983887
8553,Tri State Steuben County Airport,41.639702,-85.083504
8555,Warsaw Municipal Airport,41.27470016479492,-85.84010314941406
8556,Van Wert County Airport,40.86470031738281,-84.6093978881836
8559,Brooks Field,42.25120162963867,-84.95549774169922
8560,Genesee County Airport,43.03170013,-78.16760254
8565,Clearwater Air Park,27.9766998291,-82.7586975098
8593,Chicago Meigs Airport,41.85879898071289,-87.60790252685547
8601,Pickens County Airport,34.453399658203125,-84.4573974609375
8604,Grand Strand Airport,33.811698913600004,-78.72389984130002
8606,Lansing Municipal Airport,41.5349006652832,-87.52950286865234
8608,Ramona Airport,33.0392,-116.915001
8624,Branch County Memorial Airport,41.933399200000004,-85.05259705
8625,Wilkes Barre Wyoming Valley Airport,41.2971992493,-75.8511962891
8626,Willoughby Lost Nation Municipal Airport,41.6839981079,-81.3897018433
8631,Capital City Airport,38.18249893,-84.90470123
8632,Auburn Lewiston Municipal Airport,44.048500061000006,-70.2835006714
8639,Bloyer Field,43.97499847,-90.48349762
8641,Marco Island Executive Airport,25.995001000000002,-81.672501
8644,Drummond Island Airport,46.0093002319,-83.74389648440001
8646,Gladwin Zettel Memorial Airport,43.9706001282,-84.47499847410002
8648,South Haven Area Regional Airport,42.35120010375977,-86.25569915771484
8653,Marshfield Municipal Airport,44.6369018555,-90.1893005371
8654,Alexander Field South Wood County Airport,44.360298156700004,-89.83899688720001
8655,Clinton Municipal Airport,41.8311004639,-90.3291015625
8658,Beverly Municipal Airport,42.5842018127,-70.91649627689999
8664,Poplar Bluff Municipal Airport,36.773899078369006,-90.324897766113
8665,Somerset Airport,40.6259994506836,-74.67019653320312
8666,Eastport Municipal Airport,44.910099029541016,-67.01270294189453
8667,Keokuk Municipal Airport,40.4598999023,-91.4284973145
8681,St Paul Downtown Holman Field,44.93450164794922,-93.05999755859376
8693,Oconomowoc Airport,43.13890075683594,-88.47229766845703
8706,Butler Co Regional Airport - Hogan Field,39.3638000488,-84.5220031738
8742,Fond du Lac County Airport,43.771198272700005,-88.48840332030001
8743,Waupaca Municipal Airport,44.33330154,-89.01979828
8744,Stevens Point Municipal Airport,44.5452003479,-89.53029632568399
8747,Luce County Airport,46.31119918823242,-85.4572982788086
8759,Galion Municipal Airport,40.7533988953,-82.7238006592
8763,Clarksville–Montgomery County Regional Airport,36.621898651100004,-87.41500091549999
8771,Lompoc Airport,34.665599823,-120.46800231899999
8772,Chester County G O Carlson Airport,39.97900009,-75.86550140000001
8777,Lake Placid Airport,44.264499664300004,-73.96189880370002
8784,Lima Allen County Airport,40.706902,-84.026703
8789,Malcolm McKinnon Airport,31.15180016,-81.39129639
8790,Beaver County Airport,40.7724990845,-80.39140319820001
8792,Georgetown County Airport,33.311698913600004,-79.3196029663
8793,Hardwick Field,35.22010040283203,-84.8323974609375
8796,Renton Municipal Airport,47.4930992126,-122.21600341799999
8798,Brackett Field,34.091598510742,-117.78199768066001
8801,Cross City Airport,29.6354999542,-83.10479736330002
8802,Oconee County Regional Airport,34.67190170000001,-82.8864975
8804,Beech Factory Airport,37.6944999695,-97.2149963379
8808,Tom B. David Field,34.45539856,-84.93920135
8809,Habersham County Airport,34.49990082,-83.55670166
8811,Georgetown Municipal Airport,30.678800582885746,-97.6793975830078
8812,Old Rhinebeck Airport,41.9715004,-73.86289978
8815,Sidney Municipal-Lloyd W Carr Field,41.10129929,-102.98500059999999
8824,Kalaeloa Airport,21.3074,-158.070009
8833,Iosco County Airport,44.312801,-83.422302
8834,Madison County Executive Airport-Tom Sharp Jr Field,34.861400599999996,-86.55750275
8835,Leesburg Executive Airport,39.077999,-77.557503
8838,Anoka County-Blaine (Janes Field) Airport,45.145,-93.211401
8850,Williamson Sodus Airport,43.234699,-77.12100000000001
8854,Boulder Municipal Airport,40.039398193400004,-105.225997925
8864,Palo Alto Airport of Santa Clara County,37.461101532,-122.114997864
8869,Falcon Field,33.4608001709,-111.72799682600001
8870,Coolidge Municipal Airport,32.935901641845696,-111.427001953125
8871,Cottonwood Airport,34.7299995422,-112.03500366200001
8874,Ak-Chin Regional Airport,32.990806,-111.91852800000001
8875,Wickenburg Municipal Airport,33.96889877,-112.79900359999999
8877,Oakland County International Airport,42.665500640869006,-83.420097351074
8888,Dillant Hopkins Airport,42.898399353027344,-72.27079772949219
8893,Glasgow Industrial Airport,48.42110061645508,-106.52799987792969
8925,Iowa City Municipal Airport,41.639198303200004,-91.5465011597
8928,Windom Municipal Airport,43.91339874267578,-95.1093978881836
8931,Longview Ranch Airport,44.66170120239258,-119.6520004272461
8935,Lee Airport,38.942902000000004,-76.568398
8950,Pecos Municipal Airport,31.382400512694996,-103.51100158691
8951,Hattiesburg Bobby L Chain Municipal Airport,31.26479912,-89.25279999
8958,Chan Gurney Municipal Airport,42.916698455811,-97.385902404785
8982,Hayward Executive Airport,37.659198761,-122.122001648
8989,Ann Arbor Municipal Airport,42.2229995728,-83.74559783939999
9066,Henry County Airport,33.389099,-84.332397
9071,Alameda Naval Air Station,37.78889846801758,-122.31999969482422
9093,Comarapa Airport,-17.91360092163086,-64.51779937744139
9102,Immokalee Regional Airport,26.43320084,-81.40100098
9104,Rancho San Simeon Airport,35.60770034790039,-121.11000061035156
9120,Dinwiddie County Airport,37.183799743652,-77.507400512695
9126,Sheboygan County Memorial Airport,43.76959991,-87.85140228
9138,Pinal Airpark,32.5106010437,-111.32800293
9139,Glendale Municipal Airport,33.526901245117195,-112.29499816894531
9140,Safford Regional Airport,32.85480118,-109.6350021
9164,Sikeston Memorial Municipal Airport,36.898899078369006,-89.561798095703
9178,Floyd Bennett Memorial Airport,43.3412017822,-73.6102981567
9179,Saratoga County Airport,43.05130005,-73.86119843
9182,Crystal River Airport,28.867300033569336,-82.57129669189453
9183,Martin State Airport,39.325699,-76.413803
9184,Lincoln Regional Karl Harder Field,38.90919876098633,-121.35099792480469
9185,Fostoria Metropolitan Airport,41.19079971,-83.39450073
9186,Eastern Slopes Regional Airport,43.9911003113,-70.94789886470001
9187,Coral Creek Airport,26.85449981689453,-82.2511978149414
9188,Lakefront Airport,30.042400360107003,-90.02829742431601
9189,Coeur D'Alene - Pappy Boyington Field,47.77429962,-116.8199997
9190,Beaumont Municipal Airport,30.070699691799998,-94.21579742430002
9191,Vermilion Regional Airport,40.19919968,-87.59590149
9199,Space Coast Regional Airport,28.514799118042003,-80.799201965332
9225,Andrau Airpark,29.722499847399998,-95.5883026123
9226,Flying Cloud Airport,44.827201843299996,-93.4570999146
9228,Johnson County Executive Airport,38.84759903,-94.73760223
9249,Brandywine Airport,39.9901008605957,-75.58190155029297
9251,Manassas Regional Airport/Harry P. Davis Field,38.72140121,-77.51540375
9252,Texas Gulf Coast Regional Airport,29.108600616500002,-95.46209716799999
9305,Shelby County Airport,39.410400390599996,-88.8453979492
9348,Enumclaw Airport,47.195701599121094,-122.02200317382812
9387,Port Alsworth Airport,60.20168100000001,-154.325863
9390,Fairfield County Airport,34.31549835205078,-81.10880279541016
9396,Skyhaven Airport,43.28409957885742,-70.9292984008789
9399,Newton City-County Airport,38.0582008362,-97.2744979858
9403,Taszár Air Base,46.39310073852539,17.917499542236328
9406,Fort Bridger Airport,41.3918991089,-110.40699768100001
9407,Prosser Airport,46.21340179,-119.7910004
9408,Chehalis Centralia Airport,46.6769981384,-122.98300170899999
9409,Desert Aire Regional Airport,46.687401,-119.920998
9411,Evanston-Uinta County Airport-Burns Field,41.27479935,-111.0350037
9412,Sabetha Municipal Airport,39.90420150756836,-95.77940368652344
9413,Mt Pleasant Regional-Faison field,32.89780045,-79.78289795
9414,Jimmy Carter Regional Airport,32.110802,-84.18890400000001
9415,Weedon Field,31.951299667399997,-85.1288986206
9416,Saluda County Airport,33.92679977416992,-81.79460144042969
9417,Dare County Regional Airport,35.91899872,-75.69550323
9418,Auburn University Regional Airport,32.615101,-85.433998
9419,Tri Cities Airport,42.078499,-76.096296
9428,Bessemer Airport,33.31290054,-86.92590332
9429,Colorado Springs East Airport,38.8744010925293,-104.41000366210938
9447,Crystal Airport,45.0620002746582,-93.35389709472656
9448,Clarke County Airport,32.0849,-88.738897
9450,W H 'Bud' Barron Airport,32.56439972,-82.98529816
9488,Corvallis Municipal Airport,44.49720001,-123.29000090000001
9500,El Almendro Airport,-35.96055603027344,-71.7933349609375
9511,San Agustin Airport,10.06666660308838,-84.88333129882812
9543,Ogden Hinckley Airport,41.195899963379,-112.0120010376
9545,Robert S Kerr Airport,35.02159881591797,-94.62129974365234
9546,Colorado Plains Regional Airport,40.1755981445,-103.22200012200001
9547,Sanderson Field,47.233600616455,-123.14800262451
9739,Napakiak Airport,60.69029998779297,-161.97900390625
9744,Napaskiak Airport,60.70289993,-161.7779999
9746,Tok Airport,63.303332999999995,-143.001111
9754,Causey Airport,35.911800384521484,-79.61759948730469
9763,Doylestown Airport,40.3330001831,-75.1222991943
9772,Warren Field,35.570499420166,-77.049797058105
9773,Hyde County Airport,35.562400817871094,-75.9552001953125
9776,Stillwater Regional Airport,36.161201477051,-97.08570098876999
9777,Okmulgee Regional Airport,35.668098449706996,-95.948699951172
9778,Cushing Municipal Airport,35.9499015808,-96.7731018066
9779,Clinton Sherman Airport,35.3398017883,-99.2005004883
9780,Strother Field,37.168598175,-97.0375976562
9781,Wiley Post Airport,35.53419876,-97.64710236
9782,Shreveport Downtown Airport,32.5401992798,-93.7450027466
9783,Stephenville Clark Regional Airport,32.215301513671996,-98.177696228027
9784,Perry Municipal Airport,36.38560104370117,-97.2771987915039
9786,Hamilton Municipal Airport,31.6658992767334,-98.14859771728516
9787,Ada Regional Airport,34.804297999999996,-96.67130300000001
9788,Mesquite Metro Airport,32.74700164794922,-96.53040313720705
9789,Denton Municipal Airport,33.2006988525,-97.19799804690001
9790,Austin Executive Airport,30.397493100000005,-97.5663935
9791,Lago Vista Tx Rusty Allen Airport,30.49860000610352,-97.96949768066406
9792,Brenham Municipal Airport,30.21899986,-96.37429809999999
9793,Lakeway Airpark,30.357500076293945,-97.99449920654295
9794,Iraan Municipal Airport,30.905700683600003,-101.89199829100001
9795,Kestrel Airpark,29.812700271606445,-98.42530059814452
9797,Wilkes County Airport,36.2228012085,-81.09829711910002
9798,Charleston Executive Airport,32.70090103149414,-80.00289916992188
9799,Danville Regional Airport,36.572898864746094,-79.33609771728516
9800,Brookneal/Campbell County Airport,37.1417007446,-79.01640319820001
9806,Cheraw Municipal Airport/Lynch Bellinger Field,34.71289825,-79.95700073
9808,Wauchula Municipal Airport,27.514900207520004,-81.880500793457
9847,Conway Horry County Airport,33.82849884,-79.12220001
9938,Asheboro Regional Airport,35.65449905,-79.8946991
9942,Henderson Field,34.71789932250977,-78.00360107421875
9943,Emporia Greensville Regional Airport,36.6869010925293,-77.48280334472656
10017,San Gabriel Valley Airport,34.086102000000004,-118.035004
10062,Kee Field,37.600399017333984,-81.5593032836914
10102,Stinson Municipal Airport,29.336999893188,-98.47109985351601
10103,Sallisaw Municipal Airport,35.438201899999996,-94.80280304
10104,Jasper County Airport-Bell Field,30.88570023,-94.03489685
10105,El Dorado Springs Memorial Airport,37.8567008972168,-93.99909973144531
10106,Marfa Municipal Airport,30.371098999999997,-104.017997
10107,Alpine Casparis Municipal Airport,30.3841991425,-103.683998108
10117,Cable Airport,34.1115989685,-117.68800354
10121,Mount Sterling Montgomery County Airport,38.05810165,-83.979599
10122,Elkhart Municipal Airport,41.7193984985,-86.00319671630001
10123,Nappanee Municipal Airport,41.44620132446289,-85.93479919433594
10128,Jim Hamilton L.B. Owens Airport,33.970500946,-80.9952011108
10129,Grove Municipal Airport,36.60680008,-94.73860168
10130,Mc Pherson Airport,38.35240173,-97.69129944
10131,Donaldson Field Airport,34.758301,-82.37640400000001
10132,Perry Houston County Airport,32.51060104370117,-83.76730346679688
10133,Hartsville Regional Airport,34.403099060100004,-80.11920166019999
10134,Horace Williams Airport,35.935001,-79.06590200000001
10138,Brunswick County Airport,33.9292984,-78.07499695
10139,Chesterfield County Airport,37.40650177,-77.52500153
10144,Henderson Oxford Airport,36.36159897,-78.52919769
10145,Leesburg International Airport,28.82309914,-81.80870056
10162,Chino Airport,33.97470093,-117.637001
10169,Madison County Airport,39.93270111,-83.46199799
10185,Paso Robles Municipal Airport,35.67290115,-120.6269989
10360,Half Moon Bay Airport,37.5134010315,-122.500999451
10371,General WM J Fox Airfield,34.74110031,-118.21900179999999
10831,Person County Airport,36.28490067,-78.98419952
11004,Talladega Municipal Airport,33.569900512699995,-86.05090332030001
11005,Greenville Downtown Airport,34.847900390599996,-82.34999847410002
11008,Mankato Regional Airport,44.22159958,-93.91870117
11010,Troy Municipal Airport at N Kenneth Campbell Field,31.860398999999997,-86.012101
11011,Merkel Field Sylacauga Municipal Airport,33.171798706054695,-86.30549621582031
11012,Enterprise Municipal Airport,31.29969978,-85.89990234
11017,Ryan Field,32.142200469970696,-111.1750030517578
11022,Thomas C Russell Field,32.914699554399995,-85.96299743649999
11035,Meriden Markham Municipal Airport,41.50870132446289,-72.82949829101562
11067,Ridgely Airpark,38.97010040283203,-75.86630249023438
11068,New Castle Henry Co. Municipal Airport,39.87590027,-85.32649994
11069,Scott City Municipal Airport,38.47430038452149,-100.88500213623048
11070,Brewster Field,40.452099,-99.336502
11071,Pratt Regional Airport,37.70159912,-98.74690247
11073,Wahoo Municipal Airport,41.241298675500005,-96.59400177
11074,Jim Kelly Field,40.7910003662,-99.7772979736
11075,Sublette Municipal Airport,37.49140167,-100.83000179999999
11076,Council Bluffs Municipal Airport,41.2592010498,-95.760597229
11077,Kokomo Municipal Airport,40.528198242188,-86.05899810791
11078,Neodesha Municipal Airport,37.43539810180664,-95.64610290527344
11079,King Ranch Airport,61.79560089111328,-148.35499572753906
11080,Elkhart Morton County Airport,37.000702000000004,-101.879997
11081,Front Range Airport,39.785301208496094,-104.54299926757812
11082,Galesburg Municipal Airport,40.9379997253,-90.43109893799999
11084,Guymon Municipal Airport,36.6851005554,-101.508003235
11086,Meade Municipal Airport,37.27690124511719,-100.3560028076172
11087,Turkey Mountain Estates Airport,36.59170150756836,-93.66690063476562
11088,Ulysses Airport,37.60400009,-101.3740005
11089,Flagler Aerial Spraying Inc Airport,39.27999877929688,-103.06700134277344
11090,Independence Municipal Airport,37.1584014893,-95.7783966064
11091,Augusta Municipal Airport,37.67160034179688,-97.0779037475586
11092,Larned Pawnee County Airport,38.20859909,-99.08599854
11093,Lampasas Airport,31.10619926452637,-98.1958999633789
11094,Bay City Municipal Airport,28.9733009338,-95.8635025024
11095,Cox Field,33.636600494385,-95.45079803466801
11096,Coffeyville Municipal Airport,37.09400177,-95.5718994141
11097,The Farm Airport,33.93579864501953,-81.42970275878906
11098,Greeley–Weld County Airport,40.4374008179,-104.633003235
11099,General Dewitt Spain Airport,35.20069885,-90.05400085
11100,Oryol Yuzhny Airport,52.934700012200004,36.002201080300004
11101,Fremont Municipal Airport,41.44910049,-96.52020264
11102,La Grande/Union County Airport,45.29019927979999,-118.00700378399999
11110,Pocono Mountains Municipal Airport,41.137503,-75.378897
11111,Quakertown Airport,40.435199737549,-75.38189697265601
11131,Banning Municipal Airport,33.923099517800004,-116.850997925
11134,Karl Stefan Memorial Airport,41.985500335693004,-97.435096740723
11141,Arlington Municipal Airport,48.16070175,-122.1589966
11153,Peter O Knight Airport,27.915599822998,-82.44930267334
11243,Montauk Airport,41.0765,-71.920797
11255,Porter County Municipal Airport,41.45399857,-87.00710297
11299,Mason County Airport,43.96250153,-86.40789795
11312,Reid-Hillview Airport of Santa Clara County,37.332901000999996,-121.819000244
11438,Camarillo Airport,34.213699340820305,-119.09400177001952
11638,Watsonville Municipal Airport,36.9356994629,-121.790000916
11648,Hollister Municipal Airport,36.8932991028,-121.41000366200001
11649,Williamsburg Jamestown Airport,37.239200592041016,-76.71610260009766
11742,Union County Airport,40.224700927734375,-83.35160064697266
11814,St Louis Regional Airport,38.89030075069999,-90.04599761959999
11815,Chandler Field,45.866298675500005,-95.3946990967
11816,Columbus Municipal Airport,39.2619018555,-85.8963012695
11817,Curtis Field,31.179300308200002,-99.32389831540002
11818,Eastern Sierra Regional Airport,37.373100280799996,-118.36399841299999
11819,Baker City Municipal Airport,44.8372993469,-117.808998108
11820,Miley Memorial Field,42.58509827,-110.1110001
11821,Ozark Regional Airport,36.3689002991,-92.4704971313
11822,W K Kellogg Airport,42.3073005676,-85.25150299069999
11823,Burley Municipal Airport,42.5425987244,-113.77200317399999
11824,Northeast Iowa Regional Airport,43.072601318400004,-92.61080169680001
11825,Chanute Martin Johnson Airport,37.668800354,-95.4850997925
11826,Jacksonville Executive at Craig Airport,30.3362998962,-81.51439666750002
11827,Crossville Memorial Whitson Field,35.9513015747,-85.08499908450001
11828,Davison Army Air Field,38.715000152600005,-77.1809997559
11829,Barstow Daggett Airport,34.85369873,-116.78700259999998
11830,Deming Municipal Airport,32.262298584,-107.721000671
11831,Desert Rock Airport,36.6194,-116.032997
11832,Needles Airport,34.7663002014,-114.62300109899999
11833,Duke Field,30.65040016,-86.52290344
11834,Murray Field,40.8033981323,-124.112998962
11835,San Marcos Regional Airport,29.8927,-97.862999
11836,Sawyer County Airport,46.02519989010001,-91.44429779050002
11837,Kimble County Airport,30.5112991333,-99.76349639889999
11838,Monticello Municipal Ellis Field,33.638599400000004,-91.75099945
11839,Derby Field,40.0663986206,-118.565002441
11840,Mobridge Municipal Airport,45.54650116,-100.40799709999999
11841,Mc Comb/Pike County Airport/John E Lewis Field,31.17849922,-90.47190094
11842,Southern Illinois Airport,37.778099060058594,-89.25199890136719
11843,Mc Entire Joint National Guard Base,33.92079926,-80.80130005
11844,Brunswick Executive Airport,43.89220047,-69.93859863
11845,Naval Station Mayport (Admiral David L. Mcdonald Field),30.39109993,-81.42469788
11846,Orangeburg Municipal Airport,33.456798553467,-80.859497070312
11847,Columbus Municipal Airport,41.44800186,-97.34259796
11848,Ottumwa Regional Airport,41.10660172,-92.44789886
11849,Cairns AAF (Fort Rucker) Air Field,31.27569962,-85.71340179
11850,Ralph Wenz Field,42.79550171,-109.8069992
11851,Dutchess County Airport,41.6265983581543,-73.88420104980469
11852,New Richmond Regional Airport,45.14830017,-92.5381012
11853,Russell Municipal Airport,38.872100830078004,-98.811798095703
11854,Redwood Falls Municipal Airport,44.54719925,-95.08229828
11855,Salinas Municipal Airport,36.662799835205,-121.60600280761999
11856,Sonora Municipal Airport,30.585699081420998,-100.6490020752
11857,Saline County Regional Airport,34.59059906,-92.47940063
11858,Tonopah Airport,38.06019974,-117.086998
11859,Aurora State Airport,45.24710083007813,-122.7699966430664
11860,Ukiah Municipal Airport,39.125999450684,-123.20099639893
11861,University Oxford Airport,34.384300231934,-89.536796569824
11862,Huntsville Regional Airport,30.7469005585,-95.5871963501
11863,Miller Field,42.85779953,-100.5479965
11864,Winnemucca Municipal Airport,40.8965988159,-117.805999756
11865,West Woodward Airport,36.438,-99.5226667
11866,Cape Canaveral AFS Skid Strip,28.4675998688,-80.56659698490002
11867,Homey (Area 51) Airport,37.23500061035156,-115.81099700927734
11868,Zanesville Municipal Airport,39.9444007874,-81.89209747310001
11918,Nenana Municipal Airport,64.54730224609375,-149.07400512695312
11919,Wasilla Airport,61.5717010498,-149.539993286
12185,Tracy Municipal Airport,37.68899917602539,-121.44200134277344
12469,Bolton Field,39.90119934082031,-83.13690185546875
12528,Skagit Regional Airport,48.470901489300005,-122.42099762
12672,Marion County Brown Field,35.060699,-85.585297
12673,Evergreen Regional Airport/Middleton Field,31.4158,-87.043999
12675,Pryor Field Regional Airport,34.6526985168,-86.94539642330002
12676,Glasgow Municipal Airport,37.03179932,-85.95369720000001
12796,Danielson Airport,41.81969833374024,-71.9010009765625
12856,Clearfield Lawrence Airport,41.04859924316406,-78.41310119628906
12873,Jasper County Airport,40.9478988647,-87.18260192870001
12950,Statesboro Bulloch County Airport,32.4827003479,-81.73690032959998
13016,New Smyrna Beach Municipal Airport,29.055700302124023,-80.94889831542969
13018,Las Vegas Helicopters Heliport,36.10810089111328,-115.17400360107422
13072,Iowa County Airport,42.886798999999996,-90.236198
13074,West Bend Municipal Airport,43.4221992493,-88.1278991699
13075,Gaylord Regional Airport,45.0135002136,-84.7035980225
13077,Anderson Municipal Darlington Field,40.10860061649999,-85.6129989624
13080,Prairie Du Chien Municipal Airport,43.019298553466996,-91.12370300293001
13098,Air Orlando Heliport,28.43560028076172,-81.47309875488281
13123,Stanly County Airport,35.416698455811,-80.150802612305
13124,Davidson County Airport,35.78110122680664,-80.30380249023438
13126,Windwood Fly-In Resort Airport,39.05509948730001,-79.43139648440001
13127,Lathan Strip,34.87630081176758,-80.61920166015625
13130,Double Eagle II Airport,35.145198822021484,-106.79499816894531
13131,Socorro Municipal Airport,34.022499084472656,-106.90299987792969
13135,Bentonville Municipal-Louise M Thaden Field,36.34569931,-94.21929932
13137,Blue Ridge Airport,36.63069915771485,-80.01830291748047
13138,Mount Airy Surry County Airport,36.45970154,-80.55300140000001
13139,Taos Regional Airport,36.45819855,-105.67199709999998
13142,Raton Municipal-Crews Field,36.74150085,-104.5019989
13144,Rusk County Airport,45.49679946899414,-91.00050354003906
13154,Perry Lefors Field,35.612998962402,-100.99600219726999
13155,William R. Pogue Municipal Airport,36.1753006,-96.15180206
13156,Marion County Regional Airport,36.29090118,-92.59030151
13158,Hutchinson County Airport,35.70090103149999,-101.39399719200001
13189,Santa Ynez Airport,34.60680008,-120.07599640000001
13233,Spartanburg Downtown Memorial Airport,34.915699005127,-81.956497192383
13265,Tri-City Airport,37.32989883,-95.5062027
13267,Waycross Ware County Airport,31.249099731399998,-82.39550018310001
13269,Mid-State Regional Airport,40.884399414062,-78.087303161621
13271,Greater Portsmouth Regional Airport,38.8404998779,-82.84729766850002
13309,Camilla Mitchell County Airport,31.212900161743164,-84.23680114746094
13336,Clarks Point Airport,58.83369827,-158.529007
13354,Sandpoint Airport,48.299499511719,-116.55999755859
13436,Oakland Troy Airport,42.54290009,-83.17790222
13439,Red Dog Airport,68.03209686279999,-162.899002075
13551,Frankfort Dow Memorial Field,44.62519836425781,-86.20079803466797
13552,Cheboygan County Airport,45.65370178,-84.51930237
13607,John C Tune Airport,36.18239974975586,-86.88670349121094
13635,Denali Airport,63.64509963989258,-148.79800415039062
13642,Potomac Airpark,39.69260025024414,-78.16609954833984
13694,Stennis International Airport,30.36779975891113,-89.45459747314453
13707,Seldovia Airport,59.442401885986,-151.70399475098
13715,Julian Carroll Airport,37.59389877319336,-83.31729888916016
13716,Beaufort MCAS - Merritt Field,32.4774017334,-80.723197937
13717,Camp Pendleton MCAS (Munn Field) Airport,33.30130005,-117.3550034
13757,Vidalia Regional Airport,32.192699432373,-82.371200561523
13758,Granbury Regional Airport,32.44440079,-97.81690216
13759,Oswego County Airport,43.35079956054688,-76.38809967041016
13803,Mitchell Municipal Airport,43.7747993469,-98.0385971069
